hora,metodo_pago,ingreso,producto,franja_horaria,dia_semana,mes,numero_semana,numero_mes,fecha,tiempo
10,Tarjeta,18000,Tostada Fit,Mañana,Lunes,Noviembre,1,11,24/11/2025,10:01
14,Efectivo,18000,Tostada Fit,Tarde,Martes,Mayo,2,5,06/05/2025,14:08
9,Efectivo,30000,Wrap Integral,Mañana,Sábado,Diciembre,6,12,13/12/2025,09:37
9,Transferencia,32000,Ensalada Keto,Mañana,Jueves,Enero,4,1,16/01/2025,09:13
7,Transferencia,32000,Ensalada Keto,Mañana,Miércoles,Noviembre,3,11,05/11/2025,07:35
20,Transferencia,30000,Wrap Integral,Noche,Sábado,Noviembre,6,11,29/11/2025,20:14
7,Efectivo,22000,Yogur Griego,Mañana,Viernes,Mayo,5,5,23/05/2025,07:48
20,Efectivo,25000,Smoothie Detox,Noche,Miércoles,Diciembre,3,12,24/12/2025,20:21
17,Tarjeta,40000,Bowl Proteico,Tarde,Lunes,Abril,1,4,21/04/2025,17:06
18,Transferencia,25000,Smoothie Detox,Noche,Miércoles,Febrero,3,2,19/02/2025,18:54
8,Transferencia,30000,Wrap Integral,Mañana,Viernes,Mayo,5,5,16/05/2025,08:46
19,Tarjeta,28000,Batido Proteico,Noche,Miércoles,Marzo,3,3,05/03/2025,19:05
18,Transferencia,32000,Ensalada Keto,Noche,Martes,Noviembre,2,11,18/11/2025,18:36
8,Tarjeta,32000,Ensalada Keto,Mañana,Miércoles,Febrero,3,2,05/02/2025,08:42
14,Tarjeta,40000,Bowl Proteico,Tarde,Lunes,Febrero,1,2,10/02/2025,14:55
21,Tarjeta,22000,Yogur Griego,Noche,Viernes,Mayo,5,5,23/05/2025,21:40
18,Transferencia,32000,Ensalada Keto,Noche,Martes,Marzo,2,3,25/03/2025,18:22
9,Efectivo,18000,Tostada Fit,Mañana,Sábado,Mayo,6,5,17/05/2025,09:38
14,Tarjeta,30000,Wrap Integral,Tarde,Miércoles,Octubre,3,10,01/10/2025,14:10
14,Efectivo,25000,Smoothie Detox,Tarde,Lunes,Mayo,1,5,19/05/2025,14:43
8,Tarjeta,25000,Smoothie Detox,Mañana,Lunes,Abril,1,4,28/04/2025,08:51
9,Transferencia,28000,Batido Proteico,Mañana,Domingo,Mayo,7,5,18/05/2025,09:13
13,Tarjeta,30000,Wrap Integral,Tarde,Miércoles,Junio,3,6,11/06/2025,13:41
21,Efectivo,25000,Smoothie Detox,Noche,Miércoles,Noviembre,3,11,26/11/2025,21:09
15,Tarjeta,28000,Batido Proteico,Tarde,Miércoles,Mayo,3,5,07/05/2025,15:47
19,Efectivo,32000,Ensalada Keto,Noche,Domingo,Octubre,7,10,26/10/2025,19:23
22,Efectivo,22000,Yogur Griego,Noche,Jueves,Septiembre,4,9,18/09/2025,22:05
11,Transferencia,32000,Ensalada Keto,Mañana,Miércoles,Febrero,3,2,26/02/2025,11:40
9,Transferencia,30000,Wrap Integral,Mañana,Martes,Agosto,2,8,05/08/2025,09:24
15,Efectivo,22000,Yogur Griego,Tarde,Jueves,Agosto,4,8,28/08/2025,15:35
10,Tarjeta,28000,Batido Proteico,Mañana,Lunes,Diciembre,1,12,15/12/2025,10:43
17,Tarjeta,25000,Smoothie Detox,Tarde,Martes,Noviembre,2,11,25/11/2025,17:07
21,Transferencia,18000,Tostada Fit,Noche,Sábado,Marzo,6,3,22/03/2025,21:00
12,Transferencia,40000,Bowl Proteico,Tarde,Jueves,Mayo,4,5,15/05/2025,12:32
13,Efectivo,25000,Smoothie Detox,Tarde,Lunes,Junio,1,6,02/06/2025,13:09
7,Tarjeta,25000,Smoothie Detox,Mañana,Sábado,Octubre,6,10,04/10/2025,07:38
10,Tarjeta,25000,Smoothie Detox,Mañana,Viernes,Enero,5,1,10/01/2025,10:59
8,Efectivo,28000,Batido Proteico,Mañana,Sábado,Mayo,6,5,03/05/2025,08:15
22,Transferencia,40000,Bowl Proteico,Noche,Jueves,Febrero,4,2,13/02/2025,22:52
11,Transferencia,30000,Wrap Integral,Mañana,Jueves,Marzo,4,3,06/03/2025,11:42
15,Transferencia,22000,Yogur Griego,Tarde,Miércoles,Marzo,3,3,26/03/2025,15:33
13,Transferencia,28000,Batido Proteico,Tarde,Martes,Agosto,2,8,05/08/2025,13:59
13,Tarjeta,25000,Smoothie Detox,Tarde,Sábado,Diciembre,6,12,20/12/2025,13:45
18,Tarjeta,28000,Batido Proteico,Noche,Miércoles,Diciembre,3,12,10/12/2025,18:28
14,Tarjeta,40000,Bowl Proteico,Tarde,Lunes,Marzo,1,3,03/03/2025,14:14
14,Efectivo,32000,Ensalada Keto,Tarde,Sábado,Enero,6,1,11/01/2025,14:37
8,Efectivo,40000,Bowl Proteico,Mañana,Jueves,Febrero,4,2,06/02/2025,08:14
9,Tarjeta,32000,Ensalada Keto,Mañana,Jueves,Junio,4,6,19/06/2025,09:32
22,Efectivo,28000,Batido Proteico,Noche,Martes,Diciembre,2,12,09/12/2025,22:13
22,Tarjeta,22000,Yogur Griego,Noche,Lunes,Octubre,1,10,20/10/2025,22:15
13,Transferencia,40000,Bowl Proteico,Tarde,Lunes,Julio,1,7,28/07/2025,13:06
18,Tarjeta,30000,Wrap Integral,Noche,Sábado,Agosto,6,8,09/08/2025,18:27
10,Transferencia,30000,Wrap Integral,Mañana,Martes,Enero,2,1,28/01/2025,10:03
10,Efectivo,32000,Ensalada Keto,Mañana,Lunes,Junio,1,6,23/06/2025,10:15
21,Efectivo,30000,Wrap Integral,Noche,Jueves,Octubre,4,10,02/10/2025,21:08
21,Efectivo,22000,Yogur Griego,Noche,Viernes,Mayo,5,5,23/05/2025,21:15
10,Transferencia,18000,Tostada Fit,Mañana,Viernes,Agosto,5,8,15/08/2025,10:03
9,Efectivo,22000,Yogur Griego,Mañana,Miércoles,Enero,3,1,08/01/2025,09:59
20,Efectivo,30000,Wrap Integral,Noche,Jueves,Marzo,4,3,27/03/2025,20:31
8,Efectivo,30000,Wrap Integral,Mañana,Viernes,Julio,5,7,25/07/2025,08:10
15,Tarjeta,22000,Yogur Griego,Tarde,Sábado,Julio,6,7,19/07/2025,15:59
20,Transferencia,18000,Tostada Fit,Noche,Martes,Mayo,2,5,27/05/2025,20:44
22,Tarjeta,32000,Ensalada Keto,Noche,Viernes,Diciembre,5,12,05/12/2025,22:09
8,Transferencia,18000,Tostada Fit,Mañana,Martes,Abril,2,4,22/04/2025,08:37
17,Transferencia,40000,Bowl Proteico,Tarde,Sábado,Febrero,6,2,01/02/2025,17:03
12,Efectivo,28000,Batido Proteico,Tarde,Martes,Septiembre,2,9,02/09/2025,12:03
9,Transferencia,40000,Bowl Proteico,Mañana,Domingo,Abril,7,4,06/04/2025,09:38
19,Efectivo,28000,Batido Proteico,Noche,Jueves,Mayo,4,5,01/05/2025,19:07
8,Tarjeta,40000,Bowl Proteico,Mañana,Viernes,Octubre,5,10,24/10/2025,08:39
17,Efectivo,25000,Smoothie Detox,Tarde,Miércoles,Diciembre,3,12,03/12/2025,17:59
17,Tarjeta,25000,Smoothie Detox,Tarde,Martes,Diciembre,2,12,09/12/2025,17:15
16,Efectivo,25000,Smoothie Detox,Tarde,Domingo,Marzo,7,3,09/03/2025,16:29
21,Efectivo,28000,Batido Proteico,Noche,Domingo,Enero,7,1,05/01/2025,21:39
13,Efectivo,25000,Smoothie Detox,Tarde,Viernes,Febrero,5,2,07/02/2025,13:32
9,Tarjeta,32000,Ensalada Keto,Mañana,Sábado,Junio,6,6,28/06/2025,09:56
12,Transferencia,22000,Yogur Griego,Tarde,Lunes,Mayo,1,5,26/05/2025,12:28
16,Transferencia,22000,Yogur Griego,Tarde,Sábado,Diciembre,6,12,27/12/2025,16:39
7,Transferencia,22000,Yogur Griego,Mañana,Domingo,Septiembre,7,9,28/09/2025,07:42
10,Tarjeta,32000,Ensalada Keto,Mañana,Martes,Junio,2,6,03/06/2025,10:56
10,Efectivo,28000,Batido Proteico,Mañana,Sábado,Marzo,6,3,01/03/2025,10:47
16,Transferencia,32000,Ensalada Keto,Tarde,Martes,Mayo,2,5,20/05/2025,16:38
13,Tarjeta,18000,Tostada Fit,Tarde,Miércoles,Junio,3,6,25/06/2025,13:43
22,Efectivo,22000,Yogur Griego,Noche,Martes,Septiembre,2,9,16/09/2025,22:16
20,Efectivo,25000,Smoothie Detox,Noche,Lunes,Febrero,1,2,17/02/2025,20:53
17,Transferencia,32000,Ensalada Keto,Tarde,Jueves,Enero,4,1,02/01/2025,17:49
12,Transferencia,30000,Wrap Integral,Tarde,Jueves,Mayo,4,5,15/05/2025,12:47
20,Efectivo,40000,Bowl Proteico,Noche,Domingo,Diciembre,7,12,28/12/2025,20:35
11,Tarjeta,40000,Bowl Proteico,Mañana,Sábado,Febrero,6,2,08/02/2025,11:34
11,Efectivo,32000,Ensalada Keto,Mañana,Domingo,Octubre,7,10,26/10/2025,11:27
18,Efectivo,22000,Yogur Griego,Noche,Sábado,Junio,6,6,07/06/2025,18:57
13,Transferencia,32000,Ensalada Keto,Tarde,Jueves,Julio,4,7,03/07/2025,13:43
18,Tarjeta,28000,Batido Proteico,Noche,Sábado,Febrero,6,2,22/02/2025,18:49
11,Efectivo,32000,Ensalada Keto,Mañana,Viernes,Noviembre,5,11,14/11/2025,11:59
20,Transferencia,32000,Ensalada Keto,Noche,Martes,Abril,2,4,01/04/2025,20:01
20,Transferencia,18000,Tostada Fit,Noche,Viernes,Junio,5,6,20/06/2025,20:51
15,Transferencia,22000,Yogur Griego,Tarde,Jueves,Mayo,4,5,08/05/2025,15:10
19,Tarjeta,40000,Bowl Proteico,Noche,Martes,Febrero,2,2,25/02/2025,19:55
13,Tarjeta,30000,Wrap Integral,Tarde,Jueves,Abril,4,4,24/04/2025,13:52
14,Transferencia,40000,Bowl Proteico,Tarde,Viernes,Junio,5,6,06/06/2025,14:14
19,Efectivo,25000,Smoothie Detox,Noche,Miércoles,Abril,3,4,09/04/2025,19:21
18,Tarjeta,28000,Batido Proteico,Noche,Viernes,Mayo,5,5,23/05/2025,18:41
17,Tarjeta,40000,Bowl Proteico,Tarde,Domingo,Diciembre,7,12,14/12/2025,17:01
15,Transferencia,40000,Bowl Proteico,Tarde,Miércoles,Abril,3,4,02/04/2025,15:02
18,Tarjeta,22000,Yogur Griego,Noche,Lunes,Agosto,1,8,11/08/2025,18:46
10,Efectivo,28000,Batido Proteico,Mañana,Martes,Agosto,2,8,12/08/2025,10:24
8,Efectivo,30000,Wrap Integral,Mañana,Domingo,Mayo,7,5,11/05/2025,08:45
13,Efectivo,30000,Wrap Integral,Tarde,Miércoles,Septiembre,3,9,24/09/2025,13:23
17,Transferencia,25000,Smoothie Detox,Tarde,Domingo,Diciembre,7,12,07/12/2025,17:39
16,Transferencia,25000,Smoothie Detox,Tarde,Miércoles,Marzo,3,3,05/03/2025,16:32
17,Tarjeta,18000,Tostada Fit,Tarde,Martes,Julio,2,7,29/07/2025,17:25
11,Transferencia,30000,Wrap Integral,Mañana,Sábado,Octubre,6,10,11/10/2025,11:12
12,Tarjeta,28000,Batido Proteico,Tarde,Lunes,Julio,1,7,14/07/2025,12:39
7,Efectivo,25000,Smoothie Detox,Mañana,Domingo,Julio,7,7,27/07/2025,07:19
17,Tarjeta,30000,Wrap Integral,Tarde,Sábado,Agosto,6,8,09/08/2025,17:29
13,Transferencia,30000,Wrap Integral,Tarde,Viernes,Diciembre,5,12,12/12/2025,13:32
9,Transferencia,28000,Batido Proteico,Mañana,Viernes,Marzo,5,3,28/03/2025,09:18
17,Efectivo,22000,Yogur Griego,Tarde,Viernes,Noviembre,5,11,21/11/2025,17:05
16,Efectivo,22000,Yogur Griego,Tarde,Jueves,Diciembre,4,12,11/12/2025,16:14
7,Tarjeta,32000,Ensalada Keto,Mañana,Lunes,Marzo,1,3,17/03/2025,07:02
9,Transferencia,30000,Wrap Integral,Mañana,Domingo,Noviembre,7,11,09/11/2025,09:29
13,Tarjeta,18000,Tostada Fit,Tarde,Miércoles,Octubre,3,10,22/10/2025,13:45
19,Transferencia,32000,Ensalada Keto,Noche,Jueves,Septiembre,4,9,11/09/2025,19:15
7,Efectivo,22000,Yogur Griego,Mañana,Viernes,Diciembre,5,12,19/12/2025,07:57
14,Transferencia,22000,Yogur Griego,Tarde,Miércoles,Agosto,3,8,06/08/2025,14:11
21,Efectivo,28000,Batido Proteico,Noche,Martes,Septiembre,2,9,23/09/2025,21:03
21,Tarjeta,22000,Yogur Griego,Noche,Martes,Marzo,2,3,04/03/2025,21:08
17,Transferencia,30000,Wrap Integral,Tarde,Lunes,Diciembre,1,12,08/12/2025,17:48
20,Tarjeta,28000,Batido Proteico,Noche,Martes,Septiembre,2,9,16/09/2025,20:53
22,Efectivo,25000,Smoothie Detox,Noche,Domingo,Marzo,7,3,23/03/2025,22:28
15,Transferencia,22000,Yogur Griego,Tarde,Domingo,Noviembre,7,11,23/11/2025,15:49
14,Efectivo,30000,Wrap Integral,Tarde,Sábado,Septiembre,6,9,06/09/2025,14:17
14,Tarjeta,25000,Smoothie Detox,Tarde,Martes,Mayo,2,5,27/05/2025,14:17
9,Efectivo,32000,Ensalada Keto,Mañana,Sábado,Octubre,6,10,04/10/2025,09:08
11,Efectivo,32000,Ensalada Keto,Mañana,Miércoles,Julio,3,7,16/07/2025,11:45
20,Tarjeta,28000,Batido Proteico,Noche,Viernes,Agosto,5,8,01/08/2025,20:21
8,Tarjeta,22000,Yogur Griego,Mañana,Viernes,Agosto,5,8,01/08/2025,08:13
7,Transferencia,22000,Yogur Griego,Mañana,Sábado,Julio,6,7,19/07/2025,07:54
22,Tarjeta,25000,Smoothie Detox,Noche,Lunes,Julio,1,7,14/07/2025,22:00
20,Transferencia,18000,Tostada Fit,Noche,Sábado,Julio,6,7,19/07/2025,20:34
14,Tarjeta,32000,Ensalada Keto,Tarde,Martes,Octubre,2,10,07/10/2025,14:31
22,Tarjeta,30000,Wrap Integral,Noche,Martes,Agosto,2,8,12/08/2025,22:01
19,Tarjeta,32000,Ensalada Keto,Noche,Martes,Diciembre,2,12,09/12/2025,19:46
7,Transferencia,30000,Wrap Integral,Mañana,Viernes,Marzo,5,3,07/03/2025,07:58
7,Tarjeta,18000,Tostada Fit,Mañana,Jueves,Octubre,4,10,16/10/2025,07:05
21,Tarjeta,40000,Bowl Proteico,Noche,Martes,Marzo,2,3,11/03/2025,21:11
17,Tarjeta,30000,Wrap Integral,Tarde,Lunes,Julio,1,7,14/07/2025,17:13
19,Tarjeta,22000,Yogur Griego,Noche,Domingo,Junio,7,6,22/06/2025,19:17
9,Transferencia,40000,Bowl Proteico,Mañana,Sábado,Mayo,6,5,10/05/2025,09:30
8,Transferencia,32000,Ensalada Keto,Mañana,Sábado,Octubre,6,10,04/10/2025,08:22
8,Efectivo,40000,Bowl Proteico,Mañana,Miércoles,Febrero,3,2,05/02/2025,08:48
7,Efectivo,32000,Ensalada Keto,Mañana,Domingo,Abril,7,4,13/04/2025,07:39
22,Transferencia,40000,Bowl Proteico,Noche,Jueves,Marzo,4,3,06/03/2025,22:42
21,Tarjeta,25000,Smoothie Detox,Noche,Martes,Abril,2,4,22/04/2025,21:44
10,Efectivo,22000,Yogur Griego,Mañana,Jueves,Marzo,4,3,27/03/2025,10:49
10,Tarjeta,40000,Bowl Proteico,Mañana,Lunes,Junio,1,6,09/06/2025,10:37
19,Efectivo,18000,Tostada Fit,Noche,Miércoles,Octubre,3,10,22/10/2025,19:25
14,Tarjeta,18000,Tostada Fit,Tarde,Sábado,Febrero,6,2,08/02/2025,14:06
10,Efectivo,28000,Batido Proteico,Mañana,Miércoles,Diciembre,3,12,17/12/2025,10:50
20,Efectivo,25000,Smoothie Detox,Noche,Viernes,Junio,5,6,27/06/2025,20:42
17,Tarjeta,22000,Yogur Griego,Tarde,Miércoles,Septiembre,3,9,17/09/2025,17:00
10,Transferencia,25000,Smoothie Detox,Mañana,Lunes,Septiembre,1,9,08/09/2025,10:27
11,Transferencia,32000,Ensalada Keto,Mañana,Domingo,Agosto,7,8,24/08/2025,11:27
15,Transferencia,22000,Yogur Griego,Tarde,Jueves,Septiembre,4,9,25/09/2025,15:39
21,Transferencia,22000,Yogur Griego,Noche,Viernes,Septiembre,5,9,05/09/2025,21:27
15,Efectivo,22000,Yogur Griego,Tarde,Viernes,Octubre,5,10,31/10/2025,15:20
15,Efectivo,30000,Wrap Integral,Tarde,Viernes,Febrero,5,2,14/02/2025,15:56
19,Tarjeta,40000,Bowl Proteico,Noche,Martes,Agosto,2,8,26/08/2025,19:21
12,Tarjeta,32000,Ensalada Keto,Tarde,Lunes,Junio,1,6,16/06/2025,12:31
17,Transferencia,28000,Batido Proteico,Tarde,Martes,Mayo,2,5,13/05/2025,17:17
7,Efectivo,32000,Ensalada Keto,Mañana,Jueves,Mayo,4,5,22/05/2025,07:33
20,Efectivo,28000,Batido Proteico,Noche,Domingo,Mayo,7,5,04/05/2025,20:31
22,Tarjeta,18000,Tostada Fit,Noche,Sábado,Diciembre,6,12,20/12/2025,22:41
7,Efectivo,25000,Smoothie Detox,Mañana,Lunes,Agosto,1,8,18/08/2025,07:05
14,Transferencia,18000,Tostada Fit,Tarde,Domingo,Julio,7,7,27/07/2025,14:19
22,Tarjeta,28000,Batido Proteico,Noche,Martes,Julio,2,7,08/07/2025,22:35
17,Tarjeta,18000,Tostada Fit,Tarde,Miércoles,Agosto,3,8,06/08/2025,17:22
16,Efectivo,32000,Ensalada Keto,Tarde,Lunes,Mayo,1,5,19/05/2025,16:16
17,Transferencia,18000,Tostada Fit,Tarde,Miércoles,Abril,3,4,09/04/2025,17:07
12,Transferencia,32000,Ensalada Keto,Tarde,Sábado,Diciembre,6,12,20/12/2025,12:12
15,Transferencia,28000,Batido Proteico,Tarde,Viernes,Septiembre,5,9,05/09/2025,15:46
16,Efectivo,22000,Yogur Griego,Tarde,Domingo,Noviembre,7,11,02/11/2025,16:06
14,Tarjeta,32000,Ensalada Keto,Tarde,Domingo,Junio,7,6,01/06/2025,14:23
11,Efectivo,40000,Bowl Proteico,Mañana,Miércoles,Enero,3,1,08/01/2025,11:17
16,Transferencia,32000,Ensalada Keto,Tarde,Sábado,Octubre,6,10,11/10/2025,16:44
10,Transferencia,40000,Bowl Proteico,Mañana,Martes,Septiembre,2,9,09/09/2025,10:55
22,Tarjeta,30000,Wrap Integral,Noche,Lunes,Mayo,1,5,26/05/2025,22:30
8,Tarjeta,22000,Yogur Griego,Mañana,Sábado,Abril,6,4,05/04/2025,08:16
9,Efectivo,30000,Wrap Integral,Mañana,Viernes,Febrero,5,2,28/02/2025,09:25
8,Transferencia,32000,Ensalada Keto,Mañana,Jueves,Octubre,4,10,23/10/2025,08:09
9,Transferencia,40000,Bowl Proteico,Mañana,Jueves,Junio,4,6,05/06/2025,09:15
14,Tarjeta,28000,Batido Proteico,Tarde,Sábado,Agosto,6,8,02/08/2025,14:49
21,Transferencia,22000,Yogur Griego,Noche,Martes,Agosto,2,8,19/08/2025,21:19
16,Efectivo,28000,Batido Proteico,Tarde,Viernes,Agosto,5,8,08/08/2025,16:36
10,Transferencia,32000,Ensalada Keto,Mañana,Domingo,Noviembre,7,11,09/11/2025,10:48
15,Efectivo,40000,Bowl Proteico,Tarde,Sábado,Abril,6,4,19/04/2025,15:42
12,Efectivo,40000,Bowl Proteico,Tarde,Sábado,Mayo,6,5,03/05/2025,12:35
20,Transferencia,18000,Tostada Fit,Noche,Jueves,Enero,4,1,02/01/2025,20:28
16,Tarjeta,32000,Ensalada Keto,Tarde,Viernes,Agosto,5,8,29/08/2025,16:02
16,Tarjeta,22000,Yogur Griego,Tarde,Domingo,Diciembre,7,12,28/12/2025,16:44
14,Transferencia,25000,Smoothie Detox,Tarde,Jueves,Febrero,4,2,06/02/2025,14:59
13,Transferencia,40000,Bowl Proteico,Tarde,Miércoles,Octubre,3,10,29/10/2025,13:27
11,Efectivo,25000,Smoothie Detox,Mañana,Sábado,Abril,6,4,26/04/2025,11:58
8,Tarjeta,22000,Yogur Griego,Mañana,Jueves,Febrero,4,2,06/02/2025,08:10
16,Tarjeta,40000,Bowl Proteico,Tarde,Sábado,Noviembre,6,11,01/11/2025,16:28
16,Tarjeta,30000,Wrap Integral,Tarde,Viernes,Diciembre,5,12,19/12/2025,16:44
22,Transferencia,40000,Bowl Proteico,Noche,Domingo,Septiembre,7,9,14/09/2025,22:28
20,Transferencia,25000,Smoothie Detox,Noche,Martes,Enero,2,1,21/01/2025,20:47
7,Transferencia,32000,Ensalada Keto,Mañana,Viernes,Mayo,5,5,09/05/2025,07:05
7,Tarjeta,18000,Tostada Fit,Mañana,Miércoles,Octubre,3,10,22/10/2025,07:48
8,Efectivo,22000,Yogur Griego,Mañana,Jueves,Octubre,4,10,23/10/2025,08:48
21,Efectivo,25000,Smoothie Detox,Noche,Viernes,Agosto,5,8,29/08/2025,21:58
20,Tarjeta,22000,Yogur Griego,Noche,Lunes,Octubre,1,10,27/10/2025,20:40
22,Tarjeta,30000,Wrap Integral,Noche,Domingo,Febrero,7,2,16/02/2025,22:22
10,Tarjeta,32000,Ensalada Keto,Mañana,Sábado,Junio,6,6,14/06/2025,10:54
22,Tarjeta,18000,Tostada Fit,Noche,Miércoles,Julio,3,7,30/07/2025,22:18
8,Tarjeta,40000,Bowl Proteico,Mañana,Jueves,Octubre,4,10,09/10/2025,08:29
17,Tarjeta,22000,Yogur Griego,Tarde,Sábado,Mayo,6,5,10/05/2025,17:07
7,Transferencia,22000,Yogur Griego,Mañana,Domingo,Septiembre,7,9,21/09/2025,07:42
20,Transferencia,32000,Ensalada Keto,Noche,Lunes,Agosto,1,8,25/08/2025,20:03
22,Efectivo,30000,Wrap Integral,Noche,Sábado,Julio,6,7,05/07/2025,22:40
15,Tarjeta,32000,Ensalada Keto,Tarde,Martes,Abril,2,4,15/04/2025,15:35
22,Transferencia,40000,Bowl Proteico,Noche,Miércoles,Agosto,3,8,13/08/2025,22:07
14,Tarjeta,32000,Ensalada Keto,Tarde,Sábado,Noviembre,6,11,08/11/2025,14:45
7,Efectivo,30000,Wrap Integral,Mañana,Viernes,Octubre,5,10,10/10/2025,07:35
10,Transferencia,40000,Bowl Proteico,Mañana,Sábado,Abril,6,4,26/04/2025,10:29
22,Tarjeta,18000,Tostada Fit,Noche,Jueves,Marzo,4,3,20/03/2025,22:59
15,Tarjeta,22000,Yogur Griego,Tarde,Jueves,Septiembre,4,9,18/09/2025,15:26
14,Efectivo,28000,Batido Proteico,Tarde,Sábado,Agosto,6,8,30/08/2025,14:29
13,Transferencia,28000,Batido Proteico,Tarde,Miércoles,Julio,3,7,16/07/2025,13:58
9,Tarjeta,22000,Yogur Griego,Mañana,Martes,Marzo,2,3,11/03/2025,09:17
15,Tarjeta,40000,Bowl Proteico,Tarde,Martes,Junio,2,6,24/06/2025,15:52
22,Tarjeta,32000,Ensalada Keto,Noche,Lunes,Junio,1,6,02/06/2025,22:55
22,Transferencia,25000,Smoothie Detox,Noche,Viernes,Octubre,5,10,03/10/2025,22:22
19,Efectivo,25000,Smoothie Detox,Noche,Lunes,Octubre,1,10,06/10/2025,19:29
14,Efectivo,30000,Wrap Integral,Tarde,Miércoles,Diciembre,3,12,24/12/2025,14:36
8,Tarjeta,18000,Tostada Fit,Mañana,Miércoles,Julio,3,7,30/07/2025,08:20
19,Transferencia,18000,Tostada Fit,Noche,Domingo,Diciembre,7,12,28/12/2025,19:24
22,Transferencia,32000,Ensalada Keto,Noche,Miércoles,Marzo,3,3,19/03/2025,22:02
17,Tarjeta,40000,Bowl Proteico,Tarde,Jueves,Octubre,4,10,30/10/2025,17:55
21,Efectivo,18000,Tostada Fit,Noche,Viernes,Febrero,5,2,21/02/2025,21:00
11,Tarjeta,30000,Wrap Integral,Mañana,Martes,Julio,2,7,29/07/2025,11:04
19,Tarjeta,40000,Bowl Proteico,Noche,Lunes,Junio,1,6,23/06/2025,19:41
19,Transferencia,18000,Tostada Fit,Noche,Viernes,Diciembre,5,12,12/12/2025,19:20
8,Efectivo,40000,Bowl Proteico,Mañana,Domingo,Septiembre,7,9,07/09/2025,08:39
16,Efectivo,18000,Tostada Fit,Tarde,Jueves,Noviembre,4,11,20/11/2025,16:14
10,Transferencia,18000,Tostada Fit,Mañana,Lunes,Agosto,1,8,11/08/2025,10:48
21,Tarjeta,18000,Tostada Fit,Noche,Viernes,Febrero,5,2,21/02/2025,21:10
8,Efectivo,22000,Yogur Griego,Mañana,Miércoles,Enero,3,1,15/01/2025,08:20
18,Efectivo,30000,Wrap Integral,Noche,Sábado,Mayo,6,5,31/05/2025,18:23
20,Efectivo,18000,Tostada Fit,Noche,Martes,Mayo,2,5,06/05/2025,20:36
12,Tarjeta,28000,Batido Proteico,Tarde,Sábado,Marzo,6,3,29/03/2025,12:05
14,Efectivo,28000,Batido Proteico,Tarde,Viernes,Noviembre,5,11,14/11/2025,14:31
21,Tarjeta,25000,Smoothie Detox,Noche,Martes,Abril,2,4,29/04/2025,21:40
7,Tarjeta,22000,Yogur Griego,Mañana,Domingo,Mayo,7,5,11/05/2025,07:57
12,Tarjeta,30000,Wrap Integral,Tarde,Miércoles,Mayo,3,5,28/05/2025,12:04
16,Transferencia,30000,Wrap Integral,Tarde,Martes,Octubre,2,10,28/10/2025,16:40
21,Efectivo,25000,Smoothie Detox,Noche,Viernes,Mayo,5,5,09/05/2025,21:54
22,Tarjeta,32000,Ensalada Keto,Noche,Miércoles,Julio,3,7,16/07/2025,22:06
18,Transferencia,25000,Smoothie Detox,Noche,Lunes,Octubre,1,10,20/10/2025,18:36
7,Tarjeta,18000,Tostada Fit,Mañana,Domingo,Junio,7,6,01/06/2025,07:53
7,Transferencia,22000,Yogur Griego,Mañana,Miércoles,Mayo,3,5,21/05/2025,07:36
22,Efectivo,25000,Smoothie Detox,Noche,Domingo,Enero,7,1,26/01/2025,22:53
18,Efectivo,18000,Tostada Fit,Noche,Viernes,Noviembre,5,11,07/11/2025,18:14
15,Transferencia,22000,Yogur Griego,Tarde,Viernes,Noviembre,5,11,14/11/2025,15:43
11,Transferencia,40000,Bowl Proteico,Mañana,Jueves,Diciembre,4,12,04/12/2025,11:40
8,Tarjeta,22000,Yogur Griego,Mañana,Jueves,Noviembre,4,11,27/11/2025,08:19
18,Efectivo,32000,Ensalada Keto,Noche,Sábado,Enero,6,1,18/01/2025,18:46
17,Efectivo,30000,Wrap Integral,Tarde,Domingo,Junio,7,6,01/06/2025,17:47
11,Tarjeta,28000,Batido Proteico,Mañana,Domingo,Abril,7,4,13/04/2025,11:50
15,Tarjeta,32000,Ensalada Keto,Tarde,Lunes,Septiembre,1,9,29/09/2025,15:53
16,Tarjeta,22000,Yogur Griego,Tarde,Jueves,Septiembre,4,9,04/09/2025,16:47
21,Efectivo,32000,Ensalada Keto,Noche,Viernes,Febrero,5,2,28/02/2025,21:04
19,Transferencia,22000,Yogur Griego,Noche,Sábado,Diciembre,6,12,13/12/2025,19:54
9,Efectivo,30000,Wrap Integral,Mañana,Lunes,Julio,1,7,07/07/2025,09:50
10,Transferencia,25000,Smoothie Detox,Mañana,Viernes,Mayo,5,5,16/05/2025,10:29
15,Transferencia,30000,Wrap Integral,Tarde,Jueves,Diciembre,4,12,11/12/2025,15:37
10,Tarjeta,32000,Ensalada Keto,Mañana,Jueves,Julio,4,7,10/07/2025,10:43
17,Efectivo,28000,Batido Proteico,Tarde,Lunes,Enero,1,1,13/01/2025,17:58
9,Tarjeta,22000,Yogur Griego,Mañana,Viernes,Noviembre,5,11,28/11/2025,09:40
16,Efectivo,30000,Wrap Integral,Tarde,Jueves,Diciembre,4,12,25/12/2025,16:41
8,Tarjeta,25000,Smoothie Detox,Mañana,Jueves,Marzo,4,3,13/03/2025,08:02
10,Efectivo,28000,Batido Proteico,Mañana,Sábado,Marzo,6,3,01/03/2025,10:15
21,Transferencia,18000,Tostada Fit,Noche,Viernes,Julio,5,7,18/07/2025,21:23
20,Transferencia,18000,Tostada Fit,Noche,Martes,Diciembre,2,12,23/12/2025,20:37
20,Tarjeta,40000,Bowl Proteico,Noche,Viernes,Marzo,5,3,21/03/2025,20:41
20,Transferencia,40000,Bowl Proteico,Noche,Miércoles,Noviembre,3,11,12/11/2025,20:17
13,Efectivo,30000,Wrap Integral,Tarde,Miércoles,Julio,3,7,09/07/2025,13:28
10,Transferencia,25000,Smoothie Detox,Mañana,Sábado,Julio,6,7,05/07/2025,10:43
18,Tarjeta,30000,Wrap Integral,Noche,Jueves,Noviembre,4,11,27/11/2025,18:03
10,Tarjeta,22000,Yogur Griego,Mañana,Martes,Abril,2,4,08/04/2025,10:54
13,Transferencia,18000,Tostada Fit,Tarde,Domingo,Febrero,7,2,16/02/2025,13:41
8,Efectivo,25000,Smoothie Detox,Mañana,Sábado,Enero,6,1,11/01/2025,08:50
13,Transferencia,22000,Yogur Griego,Tarde,Jueves,Marzo,4,3,06/03/2025,13:04
13,Efectivo,22000,Yogur Griego,Tarde,Jueves,Abril,4,4,17/04/2025,13:52
11,Efectivo,28000,Batido Proteico,Mañana,Miércoles,Junio,3,6,18/06/2025,11:50
11,Tarjeta,28000,Batido Proteico,Mañana,Jueves,Mayo,4,5,22/05/2025,11:08
10,Efectivo,22000,Yogur Griego,Mañana,Lunes,Marzo,1,3,31/03/2025,10:42
7,Efectivo,22000,Yogur Griego,Mañana,Domingo,Marzo,7,3,09/03/2025,07:22
17,Tarjeta,32000,Ensalada Keto,Tarde,Miércoles,Octubre,3,10,29/10/2025,17:01
11,Transferencia,30000,Wrap Integral,Mañana,Lunes,Enero,1,1,27/01/2025,11:47
9,Tarjeta,30000,Wrap Integral,Mañana,Viernes,Febrero,5,2,28/02/2025,09:30
10,Efectivo,28000,Batido Proteico,Mañana,Sábado,Septiembre,6,9,20/09/2025,10:28
8,Transferencia,22000,Yogur Griego,Mañana,Martes,Noviembre,2,11,11/11/2025,08:46
16,Efectivo,18000,Tostada Fit,Tarde,Miércoles,Septiembre,3,9,24/09/2025,16:29
22,Tarjeta,30000,Wrap Integral,Noche,Sábado,Febrero,6,2,01/02/2025,22:54
10,Tarjeta,18000,Tostada Fit,Mañana,Jueves,Diciembre,4,12,18/12/2025,10:31
9,Efectivo,28000,Batido Proteico,Mañana,Viernes,Febrero,5,2,07/02/2025,09:20
11,Transferencia,28000,Batido Proteico,Mañana,Lunes,Febrero,1,2,03/02/2025,11:17
17,Transferencia,28000,Batido Proteico,Tarde,Lunes,Octubre,1,10,27/10/2025,17:24
21,Tarjeta,28000,Batido Proteico,Noche,Sábado,Mayo,6,5,31/05/2025,21:32
10,Transferencia,18000,Tostada Fit,Mañana,Jueves,Febrero,4,2,20/02/2025,10:54
13,Efectivo,30000,Wrap Integral,Tarde,Viernes,Octubre,5,10,10/10/2025,13:27
17,Tarjeta,30000,Wrap Integral,Tarde,Jueves,Julio,4,7,31/07/2025,17:52
10,Tarjeta,30000,Wrap Integral,Mañana,Viernes,Agosto,5,8,01/08/2025,10:20
15,Transferencia,32000,Ensalada Keto,Tarde,Domingo,Diciembre,7,12,07/12/2025,15:23
9,Efectivo,22000,Yogur Griego,Mañana,Domingo,Agosto,7,8,31/08/2025,09:05
20,Transferencia,18000,Tostada Fit,Noche,Lunes,Febrero,1,2,17/02/2025,20:06
11,Transferencia,40000,Bowl Proteico,Mañana,Jueves,Julio,4,7,10/07/2025,11:35
17,Tarjeta,40000,Bowl Proteico,Tarde,Miércoles,Octubre,3,10,15/10/2025,17:42
20,Efectivo,18000,Tostada Fit,Noche,Martes,Julio,2,7,01/07/2025,20:55
16,Transferencia,40000,Bowl Proteico,Tarde,Miércoles,Mayo,3,5,28/05/2025,16:22
13,Tarjeta,18000,Tostada Fit,Tarde,Miércoles,Septiembre,3,9,17/09/2025,13:09
10,Transferencia,22000,Yogur Griego,Mañana,Viernes,Abril,5,4,25/04/2025,10:22
10,Transferencia,25000,Smoothie Detox,Mañana,Martes,Julio,2,7,08/07/2025,10:48
20,Transferencia,28000,Batido Proteico,Noche,Sábado,Abril,6,4,26/04/2025,20:54
7,Transferencia,18000,Tostada Fit,Mañana,Martes,Noviembre,2,11,11/11/2025,07:38
7,Transferencia,25000,Smoothie Detox,Mañana,Sábado,Mayo,6,5,17/05/2025,07:11
17,Efectivo,40000,Bowl Proteico,Tarde,Domingo,Junio,7,6,08/06/2025,17:22
19,Transferencia,32000,Ensalada Keto,Noche,Sábado,Marzo,6,3,15/03/2025,19:04
7,Transferencia,18000,Tostada Fit,Mañana,Viernes,Noviembre,5,11,21/11/2025,07:05
19,Tarjeta,30000,Wrap Integral,Noche,Lunes,Abril,1,4,21/04/2025,19:26
18,Tarjeta,18000,Tostada Fit,Noche,Sábado,Marzo,6,3,22/03/2025,18:19
9,Efectivo,40000,Bowl Proteico,Mañana,Sábado,Octubre,6,10,18/10/2025,09:56
8,Tarjeta,40000,Bowl Proteico,Mañana,Sábado,Marzo,6,3,22/03/2025,08:43
20,Tarjeta,28000,Batido Proteico,Noche,Viernes,Agosto,5,8,15/08/2025,20:31
15,Transferencia,22000,Yogur Griego,Tarde,Viernes,Agosto,5,8,01/08/2025,15:13
18,Tarjeta,40000,Bowl Proteico,Noche,Viernes,Febrero,5,2,28/02/2025,18:27
22,Tarjeta,18000,Tostada Fit,Noche,Domingo,Diciembre,7,12,14/12/2025,22:33
14,Efectivo,28000,Batido Proteico,Tarde,Viernes,Enero,5,1,24/01/2025,14:25
13,Efectivo,32000,Ensalada Keto,Tarde,Sábado,Enero,6,1,04/01/2025,13:19
16,Efectivo,40000,Bowl Proteico,Tarde,Domingo,Mayo,7,5,11/05/2025,16:20
20,Tarjeta,32000,Ensalada Keto,Noche,Viernes,Septiembre,5,9,12/09/2025,20:11
14,Transferencia,28000,Batido Proteico,Tarde,Martes,Septiembre,2,9,30/09/2025,14:32
9,Transferencia,22000,Yogur Griego,Mañana,Martes,Julio,2,7,01/07/2025,09:25
20,Efectivo,30000,Wrap Integral,Noche,Miércoles,Enero,3,1,22/01/2025,20:01
20,Transferencia,30000,Wrap Integral,Noche,Martes,Junio,2,6,10/06/2025,20:36
20,Tarjeta,40000,Bowl Proteico,Noche,Lunes,Noviembre,1,11,24/11/2025,20:18
17,Transferencia,22000,Yogur Griego,Tarde,Sábado,Enero,6,1,11/01/2025,17:10
18,Efectivo,30000,Wrap Integral,Noche,Domingo,Agosto,7,8,24/08/2025,18:05
20,Transferencia,30000,Wrap Integral,Noche,Lunes,Mayo,1,5,05/05/2025,20:37
19,Transferencia,25000,Smoothie Detox,Noche,Lunes,Febrero,1,2,10/02/2025,19:55
14,Efectivo,22000,Yogur Griego,Tarde,Lunes,Junio,1,6,23/06/2025,14:21
10,Efectivo,28000,Batido Proteico,Mañana,Domingo,Febrero,7,2,09/02/2025,10:33
18,Transferencia,22000,Yogur Griego,Noche,Sábado,Junio,6,6,28/06/2025,18:46
14,Tarjeta,32000,Ensalada Keto,Tarde,Lunes,Marzo,1,3,17/03/2025,14:06
12,Transferencia,32000,Ensalada Keto,Tarde,Sábado,Abril,6,4,12/04/2025,12:38
12,Tarjeta,18000,Tostada Fit,Tarde,Sábado,Febrero,6,2,08/02/2025,12:49
21,Transferencia,28000,Batido Proteico,Noche,Martes,Agosto,2,8,26/08/2025,21:43
17,Tarjeta,18000,Tostada Fit,Tarde,Sábado,Noviembre,6,11,22/11/2025,17:55
21,Tarjeta,30000,Wrap Integral,Noche,Miércoles,Marzo,3,3,19/03/2025,21:04
16,Transferencia,25000,Smoothie Detox,Tarde,Jueves,Noviembre,4,11,20/11/2025,16:50
18,Tarjeta,40000,Bowl Proteico,Noche,Miércoles,Enero,3,1,29/01/2025,18:32
21,Tarjeta,40000,Bowl Proteico,Noche,Lunes,Agosto,1,8,25/08/2025,21:02
9,Efectivo,22000,Yogur Griego,Mañana,Martes,Mayo,2,5,27/05/2025,09:41
19,Transferencia,28000,Batido Proteico,Noche,Martes,Noviembre,2,11,11/11/2025,19:29
21,Transferencia,22000,Yogur Griego,Noche,Miércoles,Enero,3,1,22/01/2025,21:58
13,Tarjeta,28000,Batido Proteico,Tarde,Domingo,Noviembre,7,11,30/11/2025,13:20
11,Efectivo,30000,Wrap Integral,Mañana,Domingo,Septiembre,7,9,14/09/2025,11:03
9,Efectivo,18000,Tostada Fit,Mañana,Miércoles,Junio,3,6,25/06/2025,09:32
14,Tarjeta,30000,Wrap Integral,Tarde,Martes,Enero,2,1,21/01/2025,14:45
12,Tarjeta,25000,Smoothie Detox,Tarde,Viernes,Septiembre,5,9,26/09/2025,12:23
20,Transferencia,25000,Smoothie Detox,Noche,Viernes,Julio,5,7,18/07/2025,20:49
8,Transferencia,18000,Tostada Fit,Mañana,Lunes,Noviembre,1,11,03/11/2025,08:50
9,Transferencia,40000,Bowl Proteico,Mañana,Sábado,Junio,6,6,21/06/2025,09:21
19,Transferencia,25000,Smoothie Detox,Noche,Domingo,Diciembre,7,12,14/12/2025,19:18
11,Transferencia,40000,Bowl Proteico,Mañana,Miércoles,Diciembre,3,12,03/12/2025,11:21
11,Tarjeta,25000,Smoothie Detox,Mañana,Sábado,Diciembre,6,12,06/12/2025,11:58
19,Transferencia,28000,Batido Proteico,Noche,Martes,Diciembre,2,12,02/12/2025,19:08
16,Transferencia,30000,Wrap Integral,Tarde,Jueves,Febrero,4,2,13/02/2025,16:35
11,Transferencia,18000,Tostada Fit,Mañana,Miércoles,Junio,3,6,18/06/2025,11:42
9,Tarjeta,18000,Tostada Fit,Mañana,Miércoles,Diciembre,3,12,17/12/2025,09:41
18,Tarjeta,25000,Smoothie Detox,Noche,Jueves,Septiembre,4,9,18/09/2025,18:01
13,Tarjeta,22000,Yogur Griego,Tarde,Jueves,Abril,4,4,03/04/2025,13:21
14,Efectivo,32000,Ensalada Keto,Tarde,Miércoles,Abril,3,4,09/04/2025,14:08
10,Transferencia,22000,Yogur Griego,Mañana,Domingo,Junio,7,6,01/06/2025,10:32
8,Transferencia,25000,Smoothie Detox,Mañana,Sábado,Septiembre,6,9,27/09/2025,08:42
19,Efectivo,32000,Ensalada Keto,Noche,Domingo,Marzo,7,3,09/03/2025,19:09
12,Efectivo,30000,Wrap Integral,Tarde,Domingo,Diciembre,7,12,21/12/2025,12:46
18,Efectivo,18000,Tostada Fit,Noche,Miércoles,Julio,3,7,30/07/2025,18:43
16,Tarjeta,18000,Tostada Fit,Tarde,Sábado,Agosto,6,8,16/08/2025,16:48
14,Tarjeta,22000,Yogur Griego,Tarde,Miércoles,Abril,3,4,30/04/2025,14:19
18,Tarjeta,28000,Batido Proteico,Noche,Jueves,Abril,4,4,10/04/2025,18:43
16,Transferencia,30000,Wrap Integral,Tarde,Lunes,Agosto,1,8,25/08/2025,16:49
20,Efectivo,22000,Yogur Griego,Noche,Domingo,Septiembre,7,9,28/09/2025,20:10
11,Efectivo,25000,Smoothie Detox,Mañana,Jueves,Noviembre,4,11,06/11/2025,11:55
22,Transferencia,25000,Smoothie Detox,Noche,Martes,Noviembre,2,11,25/11/2025,22:55
10,Efectivo,40000,Bowl Proteico,Mañana,Sábado,Febrero,6,2,22/02/2025,10:18
21,Efectivo,28000,Batido Proteico,Noche,Martes,Mayo,2,5,20/05/2025,21:57
9,Tarjeta,32000,Ensalada Keto,Mañana,Martes,Agosto,2,8,12/08/2025,09:58
7,Tarjeta,40000,Bowl Proteico,Mañana,Sábado,Junio,6,6,28/06/2025,07:26
18,Efectivo,30000,Wrap Integral,Noche,Lunes,Septiembre,1,9,15/09/2025,18:15
14,Efectivo,25000,Smoothie Detox,Tarde,Viernes,Julio,5,7,11/07/2025,14:01
17,Efectivo,32000,Ensalada Keto,Tarde,Sábado,Noviembre,6,11,29/11/2025,17:50
16,Tarjeta,22000,Yogur Griego,Tarde,Lunes,Enero,1,1,20/01/2025,16:58
11,Tarjeta,18000,Tostada Fit,Mañana,Martes,Diciembre,2,12,23/12/2025,11:48
7,Efectivo,40000,Bowl Proteico,Mañana,Lunes,Agosto,1,8,18/08/2025,07:57
13,Transferencia,32000,Ensalada Keto,Tarde,Lunes,Mayo,1,5,12/05/2025,13:53
20,Tarjeta,22000,Yogur Griego,Noche,Sábado,Noviembre,6,11,08/11/2025,20:07
16,Efectivo,40000,Bowl Proteico,Tarde,Viernes,Mayo,5,5,02/05/2025,16:07
21,Tarjeta,40000,Bowl Proteico,Noche,Domingo,Agosto,7,8,03/08/2025,21:04
7,Transferencia,28000,Batido Proteico,Mañana,Domingo,Noviembre,7,11,02/11/2025,07:40
11,Efectivo,30000,Wrap Integral,Mañana,Domingo,Mayo,7,5,04/05/2025,11:18
18,Tarjeta,28000,Batido Proteico,Noche,Martes,Noviembre,2,11,11/11/2025,18:15
9,Efectivo,25000,Smoothie Detox,Mañana,Domingo,Abril,7,4,06/04/2025,09:33
7,Tarjeta,22000,Yogur Griego,Mañana,Sábado,Septiembre,6,9,27/09/2025,07:24
19,Transferencia,25000,Smoothie Detox,Noche,Jueves,Enero,4,1,23/01/2025,19:23
18,Tarjeta,40000,Bowl Proteico,Noche,Jueves,Enero,4,1,09/01/2025,18:50
10,Transferencia,28000,Batido Proteico,Mañana,Domingo,Mayo,7,5,04/05/2025,10:49
11,Transferencia,25000,Smoothie Detox,Mañana,Viernes,Junio,5,6,20/06/2025,11:02
12,Transferencia,22000,Yogur Griego,Tarde,Lunes,Junio,1,6,23/06/2025,12:53
22,Efectivo,32000,Ensalada Keto,Noche,Martes,Agosto,2,8,26/08/2025,22:40
21,Efectivo,25000,Smoothie Detox,Noche,Domingo,Febrero,7,2,02/02/2025,21:02
13,Tarjeta,40000,Bowl Proteico,Tarde,Jueves,Enero,4,1,23/01/2025,13:56
19,Tarjeta,28000,Batido Proteico,Noche,Domingo,Junio,7,6,08/06/2025,19:52
8,Efectivo,18000,Tostada Fit,Mañana,Sábado,Mayo,6,5,10/05/2025,08:48
18,Efectivo,22000,Yogur Griego,Noche,Martes,Mayo,2,5,27/05/2025,18:55
17,Tarjeta,40000,Bowl Proteico,Tarde,Martes,Diciembre,2,12,02/12/2025,17:17
19,Tarjeta,30000,Wrap Integral,Noche,Martes,Agosto,2,8,12/08/2025,19:47
12,Tarjeta,18000,Tostada Fit,Tarde,Lunes,Junio,1,6,23/06/2025,12:31
15,Transferencia,40000,Bowl Proteico,Tarde,Martes,Julio,2,7,08/07/2025,15:51
9,Efectivo,28000,Batido Proteico,Mañana,Miércoles,Agosto,3,8,06/08/2025,09:27
16,Efectivo,40000,Bowl Proteico,Tarde,Martes,Octubre,2,10,07/10/2025,16:20
16,Transferencia,30000,Wrap Integral,Tarde,Martes,Junio,2,6,17/06/2025,16:19
12,Tarjeta,30000,Wrap Integral,Tarde,Jueves,Agosto,4,8,07/08/2025,12:44
8,Tarjeta,22000,Yogur Griego,Mañana,Domingo,Agosto,7,8,17/08/2025,08:46
20,Efectivo,18000,Tostada Fit,Noche,Martes,Noviembre,2,11,11/11/2025,20:17
19,Transferencia,28000,Batido Proteico,Noche,Sábado,Febrero,6,2,08/02/2025,19:23
12,Transferencia,32000,Ensalada Keto,Tarde,Domingo,Diciembre,7,12,14/12/2025,12:01
21,Efectivo,32000,Ensalada Keto,Noche,Domingo,Diciembre,7,12,14/12/2025,21:02
18,Transferencia,30000,Wrap Integral,Noche,Jueves,Mayo,4,5,01/05/2025,18:23
11,Tarjeta,30000,Wrap Integral,Mañana,Viernes,Enero,5,1,17/01/2025,11:43
21,Transferencia,40000,Bowl Proteico,Noche,Jueves,Julio,4,7,10/07/2025,21:48
18,Transferencia,25000,Smoothie Detox,Noche,Miércoles,Marzo,3,3,12/03/2025,18:25
14,Transferencia,40000,Bowl Proteico,Tarde,Viernes,Mayo,5,5,23/05/2025,14:07
22,Transferencia,30000,Wrap Integral,Noche,Domingo,Abril,7,4,06/04/2025,22:33
15,Transferencia,25000,Smoothie Detox,Tarde,Domingo,Marzo,7,3,02/03/2025,15:49
13,Transferencia,25000,Smoothie Detox,Tarde,Domingo,Agosto,7,8,17/08/2025,13:39
13,Efectivo,32000,Ensalada Keto,Tarde,Martes,Septiembre,2,9,09/09/2025,13:07
12,Tarjeta,18000,Tostada Fit,Tarde,Miércoles,Agosto,3,8,20/08/2025,12:57
17,Transferencia,25000,Smoothie Detox,Tarde,Viernes,Febrero,5,2,14/02/2025,17:42
16,Efectivo,25000,Smoothie Detox,Tarde,Lunes,Febrero,1,2,03/02/2025,16:57
12,Transferencia,25000,Smoothie Detox,Tarde,Miércoles,Diciembre,3,12,31/12/2025,12:50
10,Efectivo,22000,Yogur Griego,Mañana,Viernes,Abril,5,4,25/04/2025,10:12
22,Transferencia,25000,Smoothie Detox,Noche,Viernes,Mayo,5,5,02/05/2025,22:01
18,Transferencia,22000,Yogur Griego,Noche,Martes,Octubre,2,10,21/10/2025,18:29
9,Tarjeta,25000,Smoothie Detox,Mañana,Sábado,Marzo,6,3,08/03/2025,09:04
20,Transferencia,30000,Wrap Integral,Noche,Miércoles,Septiembre,3,9,03/09/2025,20:49
11,Efectivo,18000,Tostada Fit,Mañana,Viernes,Febrero,5,2,07/02/2025,11:20
21,Tarjeta,28000,Batido Proteico,Noche,Martes,Agosto,2,8,19/08/2025,21:43
12,Tarjeta,32000,Ensalada Keto,Tarde,Viernes,Marzo,5,3,07/03/2025,12:49
8,Transferencia,40000,Bowl Proteico,Mañana,Lunes,Septiembre,1,9,15/09/2025,08:53
16,Tarjeta,32000,Ensalada Keto,Tarde,Jueves,Marzo,4,3,20/03/2025,16:10
14,Tarjeta,28000,Batido Proteico,Tarde,Martes,Diciembre,2,12,30/12/2025,14:22
15,Transferencia,18000,Tostada Fit,Tarde,Lunes,Febrero,1,2,10/02/2025,15:12
11,Transferencia,25000,Smoothie Detox,Mañana,Miércoles,Mayo,3,5,21/05/2025,11:40
9,Efectivo,18000,Tostada Fit,Mañana,Miércoles,Octubre,3,10,01/10/2025,09:32
11,Transferencia,18000,Tostada Fit,Mañana,Viernes,Octubre,5,10,31/10/2025,11:10
17,Efectivo,28000,Batido Proteico,Tarde,Jueves,Noviembre,4,11,06/11/2025,17:53
9,Transferencia,18000,Tostada Fit,Mañana,Miércoles,Enero,3,1,15/01/2025,09:02
13,Tarjeta,28000,Batido Proteico,Tarde,Viernes,Mayo,5,5,16/05/2025,13:49
7,Transferencia,18000,Tostada Fit,Mañana,Jueves,Noviembre,4,11,13/11/2025,07:31
16,Transferencia,32000,Ensalada Keto,Tarde,Jueves,Mayo,4,5,29/05/2025,16:30
16,Transferencia,40000,Bowl Proteico,Tarde,Domingo,Julio,7,7,27/07/2025,16:29
12,Tarjeta,30000,Wrap Integral,Tarde,Viernes,Enero,5,1,31/01/2025,12:28
13,Efectivo,28000,Batido Proteico,Tarde,Martes,Agosto,2,8,26/08/2025,13:21
17,Tarjeta,22000,Yogur Griego,Tarde,Martes,Junio,2,6,10/06/2025,17:46
11,Transferencia,25000,Smoothie Detox,Mañana,Jueves,Julio,4,7,24/07/2025,11:48
10,Tarjeta,32000,Ensalada Keto,Mañana,Miércoles,Octubre,3,10,15/10/2025,10:20
15,Efectivo,32000,Ensalada Keto,Tarde,Martes,Marzo,2,3,04/03/2025,15:28
8,Transferencia,30000,Wrap Integral,Mañana,Miércoles,Febrero,3,2,19/02/2025,08:18
14,Tarjeta,32000,Ensalada Keto,Tarde,Domingo,Agosto,7,8,03/08/2025,14:55
17,Efectivo,22000,Yogur Griego,Tarde,Jueves,Octubre,4,10,23/10/2025,17:12
21,Tarjeta,25000,Smoothie Detox,Noche,Sábado,Septiembre,6,9,13/09/2025,21:31
9,Tarjeta,28000,Batido Proteico,Mañana,Domingo,Enero,7,1,12/01/2025,09:25
13,Efectivo,25000,Smoothie Detox,Tarde,Domingo,Mayo,7,5,04/05/2025,13:37
16,Transferencia,28000,Batido Proteico,Tarde,Domingo,Enero,7,1,26/01/2025,16:31
22,Efectivo,28000,Batido Proteico,Noche,Jueves,Diciembre,4,12,11/12/2025,22:18
20,Transferencia,25000,Smoothie Detox,Noche,Martes,Febrero,2,2,25/02/2025,20:08
19,Tarjeta,40000,Bowl Proteico,Noche,Lunes,Julio,1,7,07/07/2025,19:23
13,Tarjeta,28000,Batido Proteico,Tarde,Lunes,Enero,1,1,27/01/2025,13:23
19,Transferencia,30000,Wrap Integral,Noche,Viernes,Febrero,5,2,07/02/2025,19:32
10,Tarjeta,40000,Bowl Proteico,Mañana,Sábado,Mayo,6,5,24/05/2025,10:08
17,Efectivo,25000,Smoothie Detox,Tarde,Viernes,Julio,5,7,11/07/2025,17:35
19,Efectivo,40000,Bowl Proteico,Noche,Sábado,Abril,6,4,12/04/2025,19:32
11,Tarjeta,25000,Smoothie Detox,Mañana,Lunes,Enero,1,1,20/01/2025,11:45
21,Transferencia,28000,Batido Proteico,Noche,Martes,Septiembre,2,9,23/09/2025,21:09
17,Tarjeta,28000,Batido Proteico,Tarde,Jueves,Marzo,4,3,13/03/2025,17:59
19,Tarjeta,18000,Tostada Fit,Noche,Martes,Marzo,2,3,25/03/2025,19:39
17,Transferencia,22000,Yogur Griego,Tarde,Viernes,Octubre,5,10,31/10/2025,17:32
22,Tarjeta,28000,Batido Proteico,Noche,Martes,Septiembre,2,9,30/09/2025,22:45
7,Transferencia,25000,Smoothie Detox,Mañana,Lunes,Septiembre,1,9,01/09/2025,07:23
20,Transferencia,25000,Smoothie Detox,Noche,Miércoles,Febrero,3,2,26/02/2025,20:37
7,Tarjeta,30000,Wrap Integral,Mañana,Viernes,Diciembre,5,12,19/12/2025,07:38
14,Transferencia,40000,Bowl Proteico,Tarde,Martes,Diciembre,2,12,02/12/2025,14:46
12,Transferencia,18000,Tostada Fit,Tarde,Miércoles,Septiembre,3,9,03/09/2025,12:33
19,Transferencia,22000,Yogur Griego,Noche,Viernes,Noviembre,5,11,14/11/2025,19:09
8,Efectivo,18000,Tostada Fit,Mañana,Lunes,Mayo,1,5,05/05/2025,08:36
7,Tarjeta,25000,Smoothie Detox,Mañana,Martes,Abril,2,4,08/04/2025,07:28
20,Tarjeta,32000,Ensalada Keto,Noche,Miércoles,Marzo,3,3,19/03/2025,20:44
22,Transferencia,22000,Yogur Griego,Noche,Domingo,Septiembre,7,9,14/09/2025,22:55
11,Transferencia,32000,Ensalada Keto,Mañana,Sábado,Febrero,6,2,01/02/2025,11:33
22,Tarjeta,30000,Wrap Integral,Noche,Lunes,Junio,1,6,16/06/2025,22:33
21,Tarjeta,28000,Batido Proteico,Noche,Domingo,Marzo,7,3,30/03/2025,21:58
18,Transferencia,22000,Yogur Griego,Noche,Martes,Octubre,2,10,07/10/2025,18:43
15,Efectivo,30000,Wrap Integral,Tarde,Lunes,Diciembre,1,12,15/12/2025,15:39
15,Efectivo,25000,Smoothie Detox,Tarde,Miércoles,Mayo,3,5,07/05/2025,15:35
16,Transferencia,32000,Ensalada Keto,Tarde,Lunes,Junio,1,6,02/06/2025,16:45
22,Tarjeta,30000,Wrap Integral,Noche,Sábado,Diciembre,6,12,27/12/2025,22:20
15,Transferencia,40000,Bowl Proteico,Tarde,Martes,Octubre,2,10,14/10/2025,15:18
19,Tarjeta,30000,Wrap Integral,Noche,Sábado,Diciembre,6,12,13/12/2025,19:57
16,Transferencia,25000,Smoothie Detox,Tarde,Domingo,Marzo,7,3,16/03/2025,16:02
18,Transferencia,30000,Wrap Integral,Noche,Lunes,Febrero,1,2,10/02/2025,18:59
22,Transferencia,32000,Ensalada Keto,Noche,Lunes,Mayo,1,5,12/05/2025,22:13
15,Transferencia,40000,Bowl Proteico,Tarde,Lunes,Mayo,1,5,19/05/2025,15:08
14,Transferencia,40000,Bowl Proteico,Tarde,Martes,Octubre,2,10,28/10/2025,14:15
14,Efectivo,32000,Ensalada Keto,Tarde,Lunes,Septiembre,1,9,29/09/2025,14:40
20,Tarjeta,18000,Tostada Fit,Noche,Viernes,Febrero,5,2,21/02/2025,20:21
11,Efectivo,28000,Batido Proteico,Mañana,Viernes,Febrero,5,2,21/02/2025,11:00
22,Efectivo,18000,Tostada Fit,Noche,Lunes,Julio,1,7,28/07/2025,22:30
17,Efectivo,18000,Tostada Fit,Tarde,Miércoles,Mayo,3,5,28/05/2025,17:18
14,Transferencia,18000,Tostada Fit,Tarde,Sábado,Febrero,6,2,15/02/2025,14:34
12,Efectivo,22000,Yogur Griego,Tarde,Lunes,Enero,1,1,20/01/2025,12:26
19,Efectivo,30000,Wrap Integral,Noche,Domingo,Enero,7,1,19/01/2025,19:50
8,Transferencia,25000,Smoothie Detox,Mañana,Jueves,Mayo,4,5,29/05/2025,08:00
10,Tarjeta,25000,Smoothie Detox,Mañana,Miércoles,Noviembre,3,11,05/11/2025,10:59
22,Transferencia,32000,Ensalada Keto,Noche,Jueves,Agosto,4,8,21/08/2025,22:56
15,Efectivo,22000,Yogur Griego,Tarde,Jueves,Agosto,4,8,28/08/2025,15:12
12,Transferencia,30000,Wrap Integral,Tarde,Jueves,Junio,4,6,19/06/2025,12:46
12,Tarjeta,18000,Tostada Fit,Tarde,Lunes,Mayo,1,5,12/05/2025,12:00
13,Transferencia,28000,Batido Proteico,Tarde,Domingo,Junio,7,6,01/06/2025,13:11
20,Efectivo,25000,Smoothie Detox,Noche,Domingo,Julio,7,7,27/07/2025,20:32
10,Tarjeta,32000,Ensalada Keto,Mañana,Viernes,Julio,5,7,25/07/2025,10:11
14,Tarjeta,25000,Smoothie Detox,Tarde,Domingo,Junio,7,6,15/06/2025,14:00
21,Tarjeta,25000,Smoothie Detox,Noche,Jueves,Mayo,4,5,01/05/2025,21:48
7,Tarjeta,18000,Tostada Fit,Mañana,Miércoles,Junio,3,6,04/06/2025,07:16
14,Efectivo,18000,Tostada Fit,Tarde,Domingo,Diciembre,7,12,21/12/2025,14:03
16,Transferencia,30000,Wrap Integral,Tarde,Miércoles,Agosto,3,8,27/08/2025,16:10
16,Transferencia,40000,Bowl Proteico,Tarde,Lunes,Septiembre,1,9,15/09/2025,16:44
18,Efectivo,32000,Ensalada Keto,Noche,Domingo,Junio,7,6,01/06/2025,18:39
22,Transferencia,30000,Wrap Integral,Noche,Lunes,Marzo,1,3,10/03/2025,22:09
18,Transferencia,18000,Tostada Fit,Noche,Viernes,Noviembre,5,11,07/11/2025,18:26
13,Transferencia,32000,Ensalada Keto,Tarde,Sábado,Agosto,6,8,30/08/2025,13:48
9,Transferencia,30000,Wrap Integral,Mañana,Domingo,Noviembre,7,11,02/11/2025,09:33
18,Efectivo,28000,Batido Proteico,Noche,Sábado,Diciembre,6,12,27/12/2025,18:04
13,Efectivo,28000,Batido Proteico,Tarde,Sábado,Febrero,6,2,01/02/2025,13:36
17,Tarjeta,28000,Batido Proteico,Tarde,Miércoles,Marzo,3,3,26/03/2025,17:54
13,Tarjeta,28000,Batido Proteico,Tarde,Sábado,Marzo,6,3,01/03/2025,13:45
21,Tarjeta,40000,Bowl Proteico,Noche,Domingo,Febrero,7,2,16/02/2025,21:51
20,Efectivo,28000,Batido Proteico,Noche,Domingo,Marzo,7,3,09/03/2025,20:29
21,Tarjeta,22000,Yogur Griego,Noche,Martes,Octubre,2,10,14/10/2025,21:43
19,Efectivo,22000,Yogur Griego,Noche,Domingo,Enero,7,1,12/01/2025,19:16
9,Tarjeta,30000,Wrap Integral,Mañana,Martes,Abril,2,4,22/04/2025,09:02
9,Efectivo,40000,Bowl Proteico,Mañana,Jueves,Diciembre,4,12,25/12/2025,09:34
8,Efectivo,30000,Wrap Integral,Mañana,Sábado,Agosto,6,8,30/08/2025,08:18
20,Tarjeta,30000,Wrap Integral,Noche,Martes,Marzo,2,3,11/03/2025,20:23
19,Transferencia,18000,Tostada Fit,Noche,Domingo,Julio,7,7,13/07/2025,19:05
11,Tarjeta,22000,Yogur Griego,Mañana,Sábado,Octubre,6,10,04/10/2025,11:41
12,Transferencia,30000,Wrap Integral,Tarde,Domingo,Marzo,7,3,02/03/2025,12:34
14,Efectivo,40000,Bowl Proteico,Tarde,Viernes,Marzo,5,3,07/03/2025,14:53
21,Transferencia,18000,Tostada Fit,Noche,Lunes,Junio,1,6,02/06/2025,21:43
19,Efectivo,32000,Ensalada Keto,Noche,Miércoles,Agosto,3,8,06/08/2025,19:52
18,Efectivo,25000,Smoothie Detox,Noche,Domingo,Agosto,7,8,24/08/2025,18:09
8,Tarjeta,18000,Tostada Fit,Mañana,Jueves,Febrero,4,2,27/02/2025,08:51
7,Efectivo,32000,Ensalada Keto,Mañana,Martes,Noviembre,2,11,11/11/2025,07:15
8,Transferencia,28000,Batido Proteico,Mañana,Viernes,Febrero,5,2,21/02/2025,08:28
8,Efectivo,18000,Tostada Fit,Mañana,Sábado,Diciembre,6,12,27/12/2025,08:15
21,Efectivo,28000,Batido Proteico,Noche,Viernes,Julio,5,7,25/07/2025,21:14
11,Efectivo,25000,Smoothie Detox,Mañana,Miércoles,Enero,3,1,29/01/2025,11:32
17,Transferencia,28000,Batido Proteico,Tarde,Miércoles,Octubre,3,10,22/10/2025,17:36
14,Transferencia,32000,Ensalada Keto,Tarde,Sábado,Junio,6,6,14/06/2025,14:19
14,Tarjeta,25000,Smoothie Detox,Tarde,Miércoles,Septiembre,3,9,24/09/2025,14:26
12,Tarjeta,18000,Tostada Fit,Tarde,Sábado,Febrero,6,2,01/02/2025,12:40
22,Transferencia,25000,Smoothie Detox,Noche,Domingo,Octubre,7,10,12/10/2025,22:03
19,Tarjeta,28000,Batido Proteico,Noche,Miércoles,Diciembre,3,12,10/12/2025,19:50
20,Tarjeta,32000,Ensalada Keto,Noche,Martes,Diciembre,2,12,23/12/2025,20:26
12,Tarjeta,28000,Batido Proteico,Tarde,Sábado,Julio,6,7,12/07/2025,12:48
14,Transferencia,22000,Yogur Griego,Tarde,Domingo,Mayo,7,5,04/05/2025,14:19
21,Transferencia,40000,Bowl Proteico,Noche,Sábado,Marzo,6,3,15/03/2025,21:58
20,Efectivo,28000,Batido Proteico,Noche,Jueves,Julio,4,7,31/07/2025,20:35
14,Tarjeta,32000,Ensalada Keto,Tarde,Viernes,Julio,5,7,18/07/2025,14:16
9,Tarjeta,30000,Wrap Integral,Mañana,Viernes,Noviembre,5,11,28/11/2025,09:59
13,Tarjeta,25000,Smoothie Detox,Tarde,Lunes,Febrero,1,2,17/02/2025,13:03
8,Efectivo,40000,Bowl Proteico,Mañana,Jueves,Diciembre,4,12,11/12/2025,08:55
13,Tarjeta,32000,Ensalada Keto,Tarde,Martes,Octubre,2,10,28/10/2025,13:30
7,Transferencia,32000,Ensalada Keto,Mañana,Jueves,Junio,4,6,05/06/2025,07:13
22,Transferencia,32000,Ensalada Keto,Noche,Domingo,Marzo,7,3,02/03/2025,22:58
13,Transferencia,32000,Ensalada Keto,Tarde,Jueves,Noviembre,4,11,06/11/2025,13:25
16,Transferencia,30000,Wrap Integral,Tarde,Sábado,Junio,6,6,14/06/2025,16:24
18,Tarjeta,25000,Smoothie Detox,Noche,Sábado,Noviembre,6,11,29/11/2025,18:19
22,Transferencia,40000,Bowl Proteico,Noche,Sábado,Septiembre,6,9,20/09/2025,22:29
17,Tarjeta,32000,Ensalada Keto,Tarde,Viernes,Agosto,5,8,29/08/2025,17:58
20,Efectivo,28000,Batido Proteico,Noche,Martes,Junio,2,6,10/06/2025,20:02
7,Transferencia,28000,Batido Proteico,Mañana,Domingo,Marzo,7,3,16/03/2025,07:16
20,Efectivo,32000,Ensalada Keto,Noche,Viernes,Octubre,5,10,24/10/2025,20:18
14,Efectivo,28000,Batido Proteico,Tarde,Miércoles,Junio,3,6,18/06/2025,14:24
17,Tarjeta,22000,Yogur Griego,Tarde,Sábado,Septiembre,6,9,13/09/2025,17:16
22,Transferencia,32000,Ensalada Keto,Noche,Martes,Noviembre,2,11,25/11/2025,22:29
12,Transferencia,18000,Tostada Fit,Tarde,Lunes,Junio,1,6,30/06/2025,12:08
12,Transferencia,28000,Batido Proteico,Tarde,Lunes,Septiembre,1,9,08/09/2025,12:58
8,Efectivo,22000,Yogur Griego,Mañana,Viernes,Enero,5,1,31/01/2025,08:53
8,Tarjeta,40000,Bowl Proteico,Mañana,Martes,Diciembre,2,12,09/12/2025,08:48
14,Efectivo,18000,Tostada Fit,Tarde,Miércoles,Marzo,3,3,12/03/2025,14:04
13,Tarjeta,30000,Wrap Integral,Tarde,Domingo,Enero,7,1,05/01/2025,13:32
22,Efectivo,30000,Wrap Integral,Noche,Viernes,Enero,5,1,31/01/2025,22:42
20,Transferencia,40000,Bowl Proteico,Noche,Sábado,Enero,6,1,04/01/2025,20:00
16,Transferencia,28000,Batido Proteico,Tarde,Miércoles,Mayo,3,5,21/05/2025,16:01
20,Efectivo,32000,Ensalada Keto,Noche,Viernes,Diciembre,5,12,12/12/2025,20:51
11,Transferencia,32000,Ensalada Keto,Mañana,Miércoles,Febrero,3,2,19/02/2025,11:15
15,Tarjeta,25000,Smoothie Detox,Tarde,Sábado,Septiembre,6,9,27/09/2025,15:52
9,Tarjeta,30000,Wrap Integral,Mañana,Miércoles,Julio,3,7,23/07/2025,09:23
14,Tarjeta,32000,Ensalada Keto,Tarde,Viernes,Octubre,5,10,17/10/2025,14:44
9,Transferencia,22000,Yogur Griego,Mañana,Miércoles,Diciembre,3,12,17/12/2025,09:41
9,Tarjeta,30000,Wrap Integral,Mañana,Viernes,Enero,5,1,17/01/2025,09:25
22,Efectivo,18000,Tostada Fit,Noche,Viernes,Octubre,5,10,10/10/2025,22:03
12,Tarjeta,30000,Wrap Integral,Tarde,Viernes,Diciembre,5,12,26/12/2025,12:05
17,Efectivo,22000,Yogur Griego,Tarde,Jueves,Noviembre,4,11,27/11/2025,17:36
8,Transferencia,32000,Ensalada Keto,Mañana,Domingo,Septiembre,7,9,28/09/2025,08:14
22,Efectivo,40000,Bowl Proteico,Noche,Sábado,Octubre,6,10,18/10/2025,22:17
15,Transferencia,28000,Batido Proteico,Tarde,Miércoles,Diciembre,3,12,17/12/2025,15:57
8,Tarjeta,22000,Yogur Griego,Mañana,Miércoles,Diciembre,3,12,03/12/2025,08:11
13,Transferencia,32000,Ensalada Keto,Tarde,Jueves,Enero,4,1,09/01/2025,13:37
9,Transferencia,32000,Ensalada Keto,Mañana,Miércoles,Julio,3,7,23/07/2025,09:19
19,Tarjeta,28000,Batido Proteico,Noche,Domingo,Mayo,7,5,04/05/2025,19:43
11,Transferencia,18000,Tostada Fit,Mañana,Miércoles,Julio,3,7,16/07/2025,11:50
18,Tarjeta,40000,Bowl Proteico,Noche,Lunes,Febrero,1,2,10/02/2025,18:03
9,Transferencia,28000,Batido Proteico,Mañana,Martes,Abril,2,4,29/04/2025,09:21
19,Efectivo,25000,Smoothie Detox,Noche,Sábado,Noviembre,6,11,01/11/2025,19:49
15,Tarjeta,30000,Wrap Integral,Tarde,Viernes,Noviembre,5,11,21/11/2025,15:50
18,Tarjeta,30000,Wrap Integral,Noche,Domingo,Abril,7,4,27/04/2025,18:35
19,Transferencia,22000,Yogur Griego,Noche,Domingo,Abril,7,4,06/04/2025,19:05
14,Efectivo,40000,Bowl Proteico,Tarde,Domingo,Junio,7,6,01/06/2025,14:45
11,Transferencia,18000,Tostada Fit,Mañana,Domingo,Mayo,7,5,18/05/2025,11:24
19,Efectivo,25000,Smoothie Detox,Noche,Jueves,Marzo,4,3,20/03/2025,19:20
7,Tarjeta,30000,Wrap Integral,Mañana,Domingo,Febrero,7,2,16/02/2025,07:19
10,Efectivo,40000,Bowl Proteico,Mañana,Lunes,Mayo,1,5,19/05/2025,10:08
21,Transferencia,28000,Batido Proteico,Noche,Sábado,Agosto,6,8,09/08/2025,21:35
10,Tarjeta,40000,Bowl Proteico,Mañana,Lunes,Julio,1,7,28/07/2025,10:01
9,Tarjeta,28000,Batido Proteico,Mañana,Sábado,Octubre,6,10,11/10/2025,09:38
7,Tarjeta,30000,Wrap Integral,Mañana,Jueves,Julio,4,7,17/07/2025,07:18
14,Efectivo,28000,Batido Proteico,Tarde,Jueves,Febrero,4,2,13/02/2025,14:36
19,Tarjeta,32000,Ensalada Keto,Noche,Miércoles,Diciembre,3,12,17/12/2025,19:10
15,Efectivo,32000,Ensalada Keto,Tarde,Miércoles,Junio,3,6,04/06/2025,15:31
20,Tarjeta,30000,Wrap Integral,Noche,Jueves,Marzo,4,3,27/03/2025,20:17
9,Efectivo,25000,Smoothie Detox,Mañana,Viernes,Septiembre,5,9,05/09/2025,09:23
22,Efectivo,28000,Batido Proteico,Noche,Lunes,Noviembre,1,11,17/11/2025,22:38
10,Efectivo,25000,Smoothie Detox,Mañana,Sábado,Agosto,6,8,23/08/2025,10:08
17,Tarjeta,28000,Batido Proteico,Tarde,Martes,Julio,2,7,22/07/2025,17:53
21,Transferencia,30000,Wrap Integral,Noche,Miércoles,Junio,3,6,18/06/2025,21:21
11,Transferencia,25000,Smoothie Detox,Mañana,Sábado,Noviembre,6,11,01/11/2025,11:19
13,Efectivo,25000,Smoothie Detox,Tarde,Lunes,Diciembre,1,12,22/12/2025,13:30
17,Transferencia,18000,Tostada Fit,Tarde,Miércoles,Julio,3,7,23/07/2025,17:18
22,Efectivo,22000,Yogur Griego,Noche,Viernes,Noviembre,5,11,21/11/2025,22:36
19,Tarjeta,22000,Yogur Griego,Noche,Lunes,Junio,1,6,16/06/2025,19:17
10,Efectivo,28000,Batido Proteico,Mañana,Domingo,Julio,7,7,06/07/2025,10:59
12,Transferencia,22000,Yogur Griego,Tarde,Viernes,Octubre,5,10,31/10/2025,12:43
21,Tarjeta,32000,Ensalada Keto,Noche,Martes,Enero,2,1,14/01/2025,21:45
9,Tarjeta,22000,Yogur Griego,Mañana,Viernes,Mayo,5,5,30/05/2025,09:52
22,Tarjeta,18000,Tostada Fit,Noche,Jueves,Diciembre,4,12,11/12/2025,22:08
15,Transferencia,32000,Ensalada Keto,Tarde,Domingo,Mayo,7,5,04/05/2025,15:42
19,Transferencia,30000,Wrap Integral,Noche,Martes,Agosto,2,8,05/08/2025,19:04
19,Transferencia,28000,Batido Proteico,Noche,Miércoles,Septiembre,3,9,03/09/2025,19:34
8,Transferencia,25000,Smoothie Detox,Mañana,Domingo,Agosto,7,8,03/08/2025,08:50
9,Efectivo,22000,Yogur Griego,Mañana,Jueves,Octubre,4,10,02/10/2025,09:06
18,Transferencia,18000,Tostada Fit,Noche,Miércoles,Diciembre,3,12,03/12/2025,18:10
19,Tarjeta,25000,Smoothie Detox,Noche,Jueves,Enero,4,1,23/01/2025,19:48
7,Efectivo,25000,Smoothie Detox,Mañana,Lunes,Febrero,1,2,24/02/2025,07:06
14,Tarjeta,25000,Smoothie Detox,Tarde,Viernes,Septiembre,5,9,19/09/2025,14:28
11,Tarjeta,40000,Bowl Proteico,Mañana,Martes,Agosto,2,8,26/08/2025,11:22
16,Efectivo,40000,Bowl Proteico,Tarde,Domingo,Febrero,7,2,23/02/2025,16:26
18,Tarjeta,25000,Smoothie Detox,Noche,Viernes,Marzo,5,3,14/03/2025,18:19
22,Efectivo,30000,Wrap Integral,Noche,Miércoles,Abril,3,4,16/04/2025,22:22
21,Tarjeta,40000,Bowl Proteico,Noche,Miércoles,Agosto,3,8,13/08/2025,21:20
10,Tarjeta,22000,Yogur Griego,Mañana,Jueves,Enero,4,1,23/01/2025,10:01
10,Efectivo,22000,Yogur Griego,Mañana,Viernes,Noviembre,5,11,28/11/2025,10:43
12,Tarjeta,32000,Ensalada Keto,Tarde,Lunes,Mayo,1,5,05/05/2025,12:35
20,Tarjeta,32000,Ensalada Keto,Noche,Martes,Octubre,2,10,14/10/2025,20:29
12,Transferencia,18000,Tostada Fit,Tarde,Miércoles,Noviembre,3,11,19/11/2025,12:11
19,Transferencia,18000,Tostada Fit,Noche,Domingo,Agosto,7,8,10/08/2025,19:01
21,Tarjeta,30000,Wrap Integral,Noche,Sábado,Abril,6,4,12/04/2025,21:37
13,Transferencia,25000,Smoothie Detox,Tarde,Viernes,Enero,5,1,03/01/2025,13:13
10,Transferencia,22000,Yogur Griego,Mañana,Domingo,Febrero,7,2,02/02/2025,10:51
18,Tarjeta,32000,Ensalada Keto,Noche,Domingo,Abril,7,4,06/04/2025,18:20
15,Tarjeta,22000,Yogur Griego,Tarde,Viernes,Febrero,5,2,28/02/2025,15:42
17,Transferencia,30000,Wrap Integral,Tarde,Domingo,Septiembre,7,9,28/09/2025,17:38
10,Tarjeta,25000,Smoothie Detox,Mañana,Domingo,Julio,7,7,20/07/2025,10:22
12,Transferencia,18000,Tostada Fit,Tarde,Jueves,Noviembre,4,11,13/11/2025,12:52
9,Tarjeta,32000,Ensalada Keto,Mañana,Lunes,Junio,1,6,02/06/2025,09:43
14,Efectivo,40000,Bowl Proteico,Tarde,Domingo,Marzo,7,3,02/03/2025,14:19
11,Tarjeta,30000,Wrap Integral,Mañana,Viernes,Julio,5,7,11/07/2025,11:32
11,Tarjeta,30000,Wrap Integral,Mañana,Domingo,Noviembre,7,11,02/11/2025,11:36
22,Transferencia,28000,Batido Proteico,Noche,Domingo,Abril,7,4,06/04/2025,22:40
12,Tarjeta,32000,Ensalada Keto,Tarde,Jueves,Noviembre,4,11,27/11/2025,12:35
11,Tarjeta,25000,Smoothie Detox,Mañana,Miércoles,Mayo,3,5,28/05/2025,11:11
8,Efectivo,25000,Smoothie Detox,Mañana,Viernes,Noviembre,5,11,14/11/2025,08:55
11,Tarjeta,22000,Yogur Griego,Mañana,Sábado,Septiembre,6,9,06/09/2025,11:12
22,Tarjeta,18000,Tostada Fit,Noche,Miércoles,Octubre,3,10,15/10/2025,22:26
21,Efectivo,32000,Ensalada Keto,Noche,Viernes,Agosto,5,8,01/08/2025,21:31
7,Efectivo,22000,Yogur Griego,Mañana,Viernes,Octubre,5,10,17/10/2025,07:50
8,Transferencia,32000,Ensalada Keto,Mañana,Viernes,Mayo,5,5,30/05/2025,08:17
12,Transferencia,30000,Wrap Integral,Tarde,Miércoles,Mayo,3,5,28/05/2025,12:49
10,Tarjeta,40000,Bowl Proteico,Mañana,Jueves,Septiembre,4,9,11/09/2025,10:36
18,Efectivo,22000,Yogur Griego,Noche,Lunes,Octubre,1,10,06/10/2025,18:34
13,Transferencia,40000,Bowl Proteico,Tarde,Jueves,Agosto,4,8,14/08/2025,13:27
14,Efectivo,22000,Yogur Griego,Tarde,Lunes,Diciembre,1,12,01/12/2025,14:19
15,Efectivo,22000,Yogur Griego,Tarde,Martes,Agosto,2,8,19/08/2025,15:22
10,Efectivo,22000,Yogur Griego,Mañana,Miércoles,Agosto,3,8,13/08/2025,10:49
18,Transferencia,18000,Tostada Fit,Noche,Viernes,Abril,5,4,18/04/2025,18:55
20,Efectivo,28000,Batido Proteico,Noche,Jueves,Noviembre,4,11,20/11/2025,20:10
13,Transferencia,40000,Bowl Proteico,Tarde,Miércoles,Abril,3,4,16/04/2025,13:51
15,Efectivo,28000,Batido Proteico,Tarde,Domingo,Junio,7,6,29/06/2025,15:38
16,Tarjeta,28000,Batido Proteico,Tarde,Domingo,Junio,7,6,15/06/2025,16:18
10,Tarjeta,22000,Yogur Griego,Mañana,Domingo,Septiembre,7,9,21/09/2025,10:08
15,Efectivo,18000,Tostada Fit,Tarde,Viernes,Enero,5,1,31/01/2025,15:55
11,Transferencia,32000,Ensalada Keto,Mañana,Viernes,Diciembre,5,12,26/12/2025,11:15
14,Transferencia,22000,Yogur Griego,Tarde,Sábado,Junio,6,6,14/06/2025,14:48
22,Transferencia,28000,Batido Proteico,Noche,Lunes,Julio,1,7,21/07/2025,22:09
20,Efectivo,30000,Wrap Integral,Noche,Domingo,Mayo,7,5,18/05/2025,20:24
9,Transferencia,28000,Batido Proteico,Mañana,Viernes,Noviembre,5,11,21/11/2025,09:25
18,Tarjeta,30000,Wrap Integral,Noche,Viernes,Mayo,5,5,23/05/2025,18:29
7,Transferencia,22000,Yogur Griego,Mañana,Sábado,Octubre,6,10,25/10/2025,07:55
21,Transferencia,18000,Tostada Fit,Noche,Lunes,Febrero,1,2,17/02/2025,21:40
9,Tarjeta,28000,Batido Proteico,Mañana,Jueves,Julio,4,7,03/07/2025,09:50
20,Tarjeta,32000,Ensalada Keto,Noche,Martes,Abril,2,4,22/04/2025,20:52
17,Tarjeta,25000,Smoothie Detox,Tarde,Domingo,Mayo,7,5,18/05/2025,17:53
11,Tarjeta,22000,Yogur Griego,Mañana,Miércoles,Octubre,3,10,08/10/2025,11:36
8,Transferencia,40000,Bowl Proteico,Mañana,Miércoles,Junio,3,6,25/06/2025,08:02
7,Efectivo,22000,Yogur Griego,Mañana,Domingo,Agosto,7,8,24/08/2025,07:07
21,Efectivo,30000,Wrap Integral,Noche,Jueves,Agosto,4,8,14/08/2025,21:00
11,Tarjeta,18000,Tostada Fit,Mañana,Viernes,Diciembre,5,12,19/12/2025,11:56
15,Tarjeta,18000,Tostada Fit,Tarde,Domingo,Marzo,7,3,23/03/2025,15:05
9,Transferencia,18000,Tostada Fit,Mañana,Viernes,Mayo,5,5,09/05/2025,09:23
8,Tarjeta,18000,Tostada Fit,Mañana,Miércoles,Marzo,3,3,26/03/2025,08:25
14,Efectivo,18000,Tostada Fit,Tarde,Jueves,Diciembre,4,12,25/12/2025,14:27
10,Tarjeta,32000,Ensalada Keto,Mañana,Sábado,Diciembre,6,12,27/12/2025,10:00
11,Transferencia,32000,Ensalada Keto,Mañana,Domingo,Febrero,7,2,09/02/2025,11:37
21,Transferencia,40000,Bowl Proteico,Noche,Lunes,Diciembre,1,12,15/12/2025,21:00
10,Transferencia,30000,Wrap Integral,Mañana,Miércoles,Junio,3,6,25/06/2025,10:55
22,Tarjeta,32000,Ensalada Keto,Noche,Domingo,Marzo,7,3,09/03/2025,22:04
10,Tarjeta,25000,Smoothie Detox,Mañana,Sábado,Febrero,6,2,15/02/2025,10:06
11,Efectivo,22000,Yogur Griego,Mañana,Martes,Junio,2,6,03/06/2025,11:24
11,Transferencia,28000,Batido Proteico,Mañana,Martes,Noviembre,2,11,25/11/2025,11:04
12,Transferencia,25000,Smoothie Detox,Tarde,Domingo,Enero,7,1,05/01/2025,12:28
11,Transferencia,30000,Wrap Integral,Mañana,Domingo,Abril,7,4,20/04/2025,11:58
21,Efectivo,32000,Ensalada Keto,Noche,Jueves,Diciembre,4,12,18/12/2025,21:55
11,Transferencia,40000,Bowl Proteico,Mañana,Viernes,Febrero,5,2,21/02/2025,11:48
18,Efectivo,25000,Smoothie Detox,Noche,Miércoles,Julio,3,7,16/07/2025,18:27
15,Efectivo,40000,Bowl Proteico,Tarde,Miércoles,Mayo,3,5,07/05/2025,15:41
16,Efectivo,18000,Tostada Fit,Tarde,Sábado,Octubre,6,10,11/10/2025,16:49
16,Transferencia,28000,Batido Proteico,Tarde,Jueves,Diciembre,4,12,04/12/2025,16:13
13,Tarjeta,30000,Wrap Integral,Tarde,Jueves,Septiembre,4,9,18/09/2025,13:47
8,Efectivo,22000,Yogur Griego,Mañana,Jueves,Noviembre,4,11,27/11/2025,08:50
19,Tarjeta,32000,Ensalada Keto,Noche,Jueves,Septiembre,4,9,11/09/2025,19:07
9,Tarjeta,40000,Bowl Proteico,Mañana,Domingo,Noviembre,7,11,23/11/2025,09:33
11,Transferencia,22000,Yogur Griego,Mañana,Jueves,Junio,4,6,12/06/2025,11:24
18,Efectivo,18000,Tostada Fit,Noche,Lunes,Agosto,1,8,04/08/2025,18:34
9,Efectivo,28000,Batido Proteico,Mañana,Sábado,Agosto,6,8,30/08/2025,09:01
15,Efectivo,40000,Bowl Proteico,Tarde,Miércoles,Enero,3,1,08/01/2025,15:13
16,Transferencia,18000,Tostada Fit,Tarde,Miércoles,Julio,3,7,23/07/2025,16:40
20,Efectivo,30000,Wrap Integral,Noche,Viernes,Agosto,5,8,01/08/2025,20:44
11,Tarjeta,40000,Bowl Proteico,Mañana,Lunes,Noviembre,1,11,24/11/2025,11:17
13,Transferencia,32000,Ensalada Keto,Tarde,Lunes,Febrero,1,2,10/02/2025,13:51
19,Transferencia,18000,Tostada Fit,Noche,Martes,Junio,2,6,17/06/2025,19:37
9,Tarjeta,18000,Tostada Fit,Mañana,Lunes,Diciembre,1,12,15/12/2025,09:19
8,Tarjeta,40000,Bowl Proteico,Mañana,Sábado,Mayo,6,5,03/05/2025,08:15
21,Efectivo,28000,Batido Proteico,Noche,Sábado,Marzo,6,3,01/03/2025,21:39
12,Transferencia,40000,Bowl Proteico,Tarde,Domingo,Junio,7,6,08/06/2025,12:07
7,Tarjeta,30000,Wrap Integral,Mañana,Miércoles,Marzo,3,3,12/03/2025,07:10
15,Efectivo,25000,Smoothie Detox,Tarde,Jueves,Septiembre,4,9,25/09/2025,15:10
10,Tarjeta,40000,Bowl Proteico,Mañana,Domingo,Mayo,7,5,18/05/2025,10:49
15,Tarjeta,40000,Bowl Proteico,Tarde,Viernes,Agosto,5,8,08/08/2025,15:33
9,Transferencia,30000,Wrap Integral,Mañana,Miércoles,Diciembre,3,12,31/12/2025,09:31
8,Transferencia,22000,Yogur Griego,Mañana,Viernes,Julio,5,7,04/07/2025,08:31
18,Efectivo,25000,Smoothie Detox,Noche,Jueves,Marzo,4,3,27/03/2025,18:10
10,Transferencia,18000,Tostada Fit,Mañana,Martes,Octubre,2,10,21/10/2025,10:14
8,Efectivo,22000,Yogur Griego,Mañana,Jueves,Enero,4,1,02/01/2025,08:54
8,Tarjeta,25000,Smoothie Detox,Mañana,Martes,Mayo,2,5,06/05/2025,08:30
12,Efectivo,22000,Yogur Griego,Tarde,Martes,Marzo,2,3,18/03/2025,12:59
20,Efectivo,25000,Smoothie Detox,Noche,Sábado,Octubre,6,10,11/10/2025,20:14
17,Efectivo,22000,Yogur Griego,Tarde,Sábado,Agosto,6,8,02/08/2025,17:17
18,Transferencia,28000,Batido Proteico,Noche,Lunes,Octubre,1,10,20/10/2025,18:07
12,Transferencia,22000,Yogur Griego,Tarde,Lunes,Enero,1,1,27/01/2025,12:14
19,Tarjeta,30000,Wrap Integral,Noche,Viernes,Enero,5,1,24/01/2025,19:04
17,Tarjeta,28000,Batido Proteico,Tarde,Lunes,Junio,1,6,09/06/2025,17:05
18,Transferencia,25000,Smoothie Detox,Noche,Domingo,Enero,7,1,05/01/2025,18:12
14,Transferencia,25000,Smoothie Detox,Tarde,Jueves,Junio,4,6,05/06/2025,14:29
13,Efectivo,28000,Batido Proteico,Tarde,Miércoles,Septiembre,3,9,10/09/2025,13:46
7,Efectivo,30000,Wrap Integral,Mañana,Miércoles,Marzo,3,3,19/03/2025,07:59
18,Transferencia,22000,Yogur Griego,Noche,Miércoles,Abril,3,4,30/04/2025,18:40
17,Transferencia,22000,Yogur Griego,Tarde,Domingo,Enero,7,1,05/01/2025,17:00
16,Transferencia,32000,Ensalada Keto,Tarde,Sábado,Julio,6,7,12/07/2025,16:06
20,Efectivo,40000,Bowl Proteico,Noche,Viernes,Mayo,5,5,02/05/2025,20:31
15,Efectivo,40000,Bowl Proteico,Tarde,Miércoles,Diciembre,3,12,31/12/2025,15:05
20,Tarjeta,25000,Smoothie Detox,Noche,Miércoles,Septiembre,3,9,24/09/2025,20:44
10,Transferencia,32000,Ensalada Keto,Mañana,Jueves,Febrero,4,2,13/02/2025,10:32
9,Efectivo,28000,Batido Proteico,Mañana,Lunes,Julio,1,7,21/07/2025,09:37
11,Tarjeta,25000,Smoothie Detox,Mañana,Lunes,Agosto,1,8,11/08/2025,11:15
19,Transferencia,22000,Yogur Griego,Noche,Miércoles,Junio,3,6,11/06/2025,19:44
17,Efectivo,25000,Smoothie Detox,Tarde,Martes,Junio,2,6,17/06/2025,17:28
13,Transferencia,22000,Yogur Griego,Tarde,Sábado,Febrero,6,2,08/02/2025,13:08
11,Tarjeta,32000,Ensalada Keto,Mañana,Martes,Febrero,2,2,25/02/2025,11:06
17,Transferencia,40000,Bowl Proteico,Tarde,Miércoles,Agosto,3,8,27/08/2025,17:26
13,Tarjeta,25000,Smoothie Detox,Tarde,Jueves,Julio,4,7,03/07/2025,13:28
10,Transferencia,32000,Ensalada Keto,Mañana,Viernes,Mayo,5,5,16/05/2025,10:05
8,Tarjeta,22000,Yogur Griego,Mañana,Jueves,Junio,4,6,05/06/2025,08:13
9,Tarjeta,32000,Ensalada Keto,Mañana,Lunes,Marzo,1,3,17/03/2025,09:45
8,Tarjeta,25000,Smoothie Detox,Mañana,Martes,Julio,2,7,22/07/2025,08:43
7,Tarjeta,22000,Yogur Griego,Mañana,Lunes,Marzo,1,3,31/03/2025,07:25
14,Efectivo,30000,Wrap Integral,Tarde,Domingo,Octubre,7,10,12/10/2025,14:06
10,Efectivo,40000,Bowl Proteico,Mañana,Jueves,Marzo,4,3,13/03/2025,10:00
13,Tarjeta,30000,Wrap Integral,Tarde,Sábado,Marzo,6,3,08/03/2025,13:52
9,Tarjeta,28000,Batido Proteico,Mañana,Jueves,Diciembre,4,12,18/12/2025,09:37
7,Transferencia,32000,Ensalada Keto,Mañana,Sábado,Febrero,6,2,08/02/2025,07:04
11,Tarjeta,22000,Yogur Griego,Mañana,Sábado,Agosto,6,8,16/08/2025,11:05
8,Efectivo,40000,Bowl Proteico,Mañana,Martes,Marzo,2,3,04/03/2025,08:29
20,Tarjeta,18000,Tostada Fit,Noche,Martes,Octubre,2,10,21/10/2025,20:52
7,Tarjeta,18000,Tostada Fit,Mañana,Viernes,Septiembre,5,9,12/09/2025,07:24
18,Tarjeta,32000,Ensalada Keto,Noche,Domingo,Marzo,7,3,30/03/2025,18:13
21,Efectivo,32000,Ensalada Keto,Noche,Sábado,Mayo,6,5,24/05/2025,21:56
14,Tarjeta,25000,Smoothie Detox,Tarde,Martes,Noviembre,2,11,11/11/2025,14:41
22,Tarjeta,40000,Bowl Proteico,Noche,Miércoles,Julio,3,7,30/07/2025,22:03
11,Transferencia,32000,Ensalada Keto,Mañana,Miércoles,Julio,3,7,16/07/2025,11:26
14,Transferencia,22000,Yogur Griego,Tarde,Sábado,Septiembre,6,9,27/09/2025,14:40
19,Tarjeta,18000,Tostada Fit,Noche,Viernes,Enero,5,1,10/01/2025,19:50
22,Transferencia,28000,Batido Proteico,Noche,Miércoles,Septiembre,3,9,03/09/2025,22:22
19,Efectivo,32000,Ensalada Keto,Noche,Sábado,Junio,6,6,14/06/2025,19:17
14,Tarjeta,22000,Yogur Griego,Tarde,Viernes,Junio,5,6,13/06/2025,14:01
22,Transferencia,25000,Smoothie Detox,Noche,Jueves,Enero,4,1,30/01/2025,22:33
12,Transferencia,32000,Ensalada Keto,Tarde,Miércoles,Abril,3,4,30/04/2025,12:06
15,Transferencia,22000,Yogur Griego,Tarde,Domingo,Mayo,7,5,04/05/2025,15:34
14,Tarjeta,22000,Yogur Griego,Tarde,Miércoles,Enero,3,1,29/01/2025,14:36
12,Transferencia,32000,Ensalada Keto,Tarde,Martes,Julio,2,7,01/07/2025,12:11
18,Efectivo,28000,Batido Proteico,Noche,Jueves,Junio,4,6,12/06/2025,18:58
18,Efectivo,28000,Batido Proteico,Noche,Sábado,Diciembre,6,12,27/12/2025,18:36
13,Tarjeta,22000,Yogur Griego,Tarde,Jueves,Octubre,4,10,16/10/2025,13:53
16,Efectivo,30000,Wrap Integral,Tarde,Domingo,Octubre,7,10,05/10/2025,16:11
8,Efectivo,28000,Batido Proteico,Mañana,Domingo,Febrero,7,2,16/02/2025,08:14
22,Transferencia,25000,Smoothie Detox,Noche,Sábado,Enero,6,1,11/01/2025,22:00
11,Efectivo,18000,Tostada Fit,Mañana,Lunes,Abril,1,4,14/04/2025,11:21
8,Transferencia,32000,Ensalada Keto,Mañana,Domingo,Junio,7,6,15/06/2025,08:01
11,Transferencia,40000,Bowl Proteico,Mañana,Sábado,Diciembre,6,12,27/12/2025,11:49
9,Transferencia,18000,Tostada Fit,Mañana,Domingo,Julio,7,7,06/07/2025,09:23
10,Tarjeta,25000,Smoothie Detox,Mañana,Martes,Julio,2,7,22/07/2025,10:21
12,Transferencia,30000,Wrap Integral,Tarde,Martes,Marzo,2,3,11/03/2025,12:46
17,Transferencia,18000,Tostada Fit,Tarde,Domingo,Septiembre,7,9,07/09/2025,17:11
18,Transferencia,18000,Tostada Fit,Noche,Lunes,Diciembre,1,12,22/12/2025,18:14
19,Transferencia,18000,Tostada Fit,Noche,Lunes,Marzo,1,3,31/03/2025,19:19
11,Efectivo,18000,Tostada Fit,Mañana,Sábado,Mayo,6,5,31/05/2025,11:11
19,Transferencia,22000,Yogur Griego,Noche,Viernes,Diciembre,5,12,26/12/2025,19:54
12,Transferencia,25000,Smoothie Detox,Tarde,Viernes,Enero,5,1,17/01/2025,12:38
10,Efectivo,30000,Wrap Integral,Mañana,Jueves,Abril,4,4,24/04/2025,10:59
9,Tarjeta,25000,Smoothie Detox,Mañana,Jueves,Junio,4,6,19/06/2025,09:15
9,Transferencia,18000,Tostada Fit,Mañana,Jueves,Marzo,4,3,27/03/2025,09:52
17,Tarjeta,40000,Bowl Proteico,Tarde,Lunes,Noviembre,1,11,24/11/2025,17:28
14,Tarjeta,40000,Bowl Proteico,Tarde,Viernes,Abril,5,4,18/04/2025,14:44
10,Efectivo,40000,Bowl Proteico,Mañana,Lunes,Mayo,1,5,12/05/2025,10:46
21,Efectivo,30000,Wrap Integral,Noche,Jueves,Julio,4,7,17/07/2025,21:46
22,Tarjeta,30000,Wrap Integral,Noche,Jueves,Julio,4,7,31/07/2025,22:56
19,Tarjeta,22000,Yogur Griego,Noche,Martes,Octubre,2,10,07/10/2025,19:06
14,Efectivo,30000,Wrap Integral,Tarde,Jueves,Octubre,4,10,23/10/2025,14:10
16,Tarjeta,25000,Smoothie Detox,Tarde,Sábado,Enero,6,1,18/01/2025,16:01
9,Tarjeta,32000,Ensalada Keto,Mañana,Domingo,Febrero,7,2,23/02/2025,09:21
9,Tarjeta,40000,Bowl Proteico,Mañana,Lunes,Marzo,1,3,24/03/2025,09:35
22,Tarjeta,40000,Bowl Proteico,Noche,Sábado,Noviembre,6,11,01/11/2025,22:45
12,Efectivo,30000,Wrap Integral,Tarde,Lunes,Diciembre,1,12,01/12/2025,12:38
10,Efectivo,32000,Ensalada Keto,Mañana,Martes,Enero,2,1,28/01/2025,10:21
15,Tarjeta,25000,Smoothie Detox,Tarde,Martes,Julio,2,7,29/07/2025,15:42
10,Transferencia,30000,Wrap Integral,Mañana,Viernes,Mayo,5,5,02/05/2025,10:03
22,Tarjeta,40000,Bowl Proteico,Noche,Jueves,Octubre,4,10,09/10/2025,22:09
20,Transferencia,25000,Smoothie Detox,Noche,Jueves,Enero,4,1,02/01/2025,20:05
22,Efectivo,40000,Bowl Proteico,Noche,Lunes,Noviembre,1,11,17/11/2025,22:12
12,Efectivo,25000,Smoothie Detox,Tarde,Miércoles,Abril,3,4,16/04/2025,12:40
10,Tarjeta,22000,Yogur Griego,Mañana,Domingo,Agosto,7,8,31/08/2025,10:19
22,Tarjeta,18000,Tostada Fit,Noche,Sábado,Agosto,6,8,30/08/2025,22:57
19,Tarjeta,25000,Smoothie Detox,Noche,Domingo,Febrero,7,2,16/02/2025,19:11
12,Tarjeta,40000,Bowl Proteico,Tarde,Miércoles,Julio,3,7,09/07/2025,12:28
21,Tarjeta,32000,Ensalada Keto,Noche,Jueves,Agosto,4,8,14/08/2025,21:16
8,Transferencia,22000,Yogur Griego,Mañana,Jueves,Octubre,4,10,16/10/2025,08:09
10,Tarjeta,18000,Tostada Fit,Mañana,Lunes,Diciembre,1,12,08/12/2025,10:05
20,Efectivo,28000,Batido Proteico,Noche,Domingo,Octubre,7,10,05/10/2025,20:48
8,Transferencia,30000,Wrap Integral,Mañana,Sábado,Octubre,6,10,11/10/2025,08:53
22,Tarjeta,32000,Ensalada Keto,Noche,Domingo,Agosto,7,8,03/08/2025,22:36
9,Transferencia,22000,Yogur Griego,Mañana,Martes,Junio,2,6,03/06/2025,09:25
11,Tarjeta,22000,Yogur Griego,Mañana,Sábado,Enero,6,1,18/01/2025,11:07
12,Efectivo,22000,Yogur Griego,Tarde,Domingo,Marzo,7,3,30/03/2025,12:13
8,Transferencia,40000,Bowl Proteico,Mañana,Jueves,Marzo,4,3,06/03/2025,08:27
13,Efectivo,18000,Tostada Fit,Tarde,Lunes,Agosto,1,8,11/08/2025,13:52
15,Efectivo,18000,Tostada Fit,Tarde,Sábado,Noviembre,6,11,01/11/2025,15:20
19,Transferencia,30000,Wrap Integral,Noche,Viernes,Febrero,5,2,14/02/2025,19:35
15,Efectivo,30000,Wrap Integral,Tarde,Lunes,Junio,1,6,16/06/2025,15:33
20,Efectivo,30000,Wrap Integral,Noche,Jueves,Diciembre,4,12,25/12/2025,20:07
10,Transferencia,40000,Bowl Proteico,Mañana,Lunes,Marzo,1,3,17/03/2025,10:59
16,Tarjeta,28000,Batido Proteico,Tarde,Viernes,Febrero,5,2,21/02/2025,16:55
15,Tarjeta,18000,Tostada Fit,Tarde,Miércoles,Julio,3,7,30/07/2025,15:24
22,Tarjeta,32000,Ensalada Keto,Noche,Lunes,Octubre,1,10,20/10/2025,22:02
11,Transferencia,28000,Batido Proteico,Mañana,Sábado,Julio,6,7,26/07/2025,11:39
19,Tarjeta,30000,Wrap Integral,Noche,Lunes,Diciembre,1,12,22/12/2025,19:02
14,Tarjeta,18000,Tostada Fit,Tarde,Sábado,Diciembre,6,12,20/12/2025,14:03
18,Tarjeta,25000,Smoothie Detox,Noche,Domingo,Mayo,7,5,18/05/2025,18:01
15,Transferencia,30000,Wrap Integral,Tarde,Lunes,Junio,1,6,09/06/2025,15:53
10,Efectivo,32000,Ensalada Keto,Mañana,Miércoles,Diciembre,3,12,17/12/2025,10:55
21,Tarjeta,22000,Yogur Griego,Noche,Martes,Junio,2,6,03/06/2025,21:49
20,Efectivo,18000,Tostada Fit,Noche,Domingo,Mayo,7,5,18/05/2025,20:38
21,Tarjeta,22000,Yogur Griego,Noche,Lunes,Abril,1,4,07/04/2025,21:13
18,Transferencia,40000,Bowl Proteico,Noche,Sábado,Septiembre,6,9,06/09/2025,18:52
9,Transferencia,18000,Tostada Fit,Mañana,Domingo,Marzo,7,3,23/03/2025,09:19
11,Transferencia,22000,Yogur Griego,Mañana,Sábado,Julio,6,7,26/07/2025,11:49
7,Efectivo,32000,Ensalada Keto,Mañana,Domingo,Octubre,7,10,19/10/2025,07:11
14,Efectivo,30000,Wrap Integral,Tarde,Jueves,Enero,4,1,30/01/2025,14:02
13,Tarjeta,25000,Smoothie Detox,Tarde,Viernes,Julio,5,7,04/07/2025,13:17
19,Transferencia,40000,Bowl Proteico,Noche,Martes,Septiembre,2,9,16/09/2025,19:40
14,Transferencia,30000,Wrap Integral,Tarde,Jueves,Enero,4,1,16/01/2025,14:23
12,Transferencia,30000,Wrap Integral,Tarde,Domingo,Agosto,7,8,17/08/2025,12:55
18,Tarjeta,32000,Ensalada Keto,Noche,Viernes,Octubre,5,10,10/10/2025,18:22
9,Tarjeta,40000,Bowl Proteico,Mañana,Viernes,Diciembre,5,12,19/12/2025,09:18
12,Efectivo,28000,Batido Proteico,Tarde,Domingo,Enero,7,1,26/01/2025,12:54
14,Tarjeta,32000,Ensalada Keto,Tarde,Jueves,Abril,4,4,24/04/2025,14:43
20,Transferencia,40000,Bowl Proteico,Noche,Domingo,Noviembre,7,11,30/11/2025,20:32
22,Transferencia,32000,Ensalada Keto,Noche,Domingo,Enero,7,1,05/01/2025,22:58
7,Transferencia,25000,Smoothie Detox,Mañana,Domingo,Marzo,7,3,30/03/2025,07:14
15,Tarjeta,30000,Wrap Integral,Tarde,Viernes,Junio,5,6,06/06/2025,15:27
15,Tarjeta,30000,Wrap Integral,Tarde,Domingo,Agosto,7,8,24/08/2025,15:13
19,Efectivo,40000,Bowl Proteico,Noche,Sábado,Diciembre,6,12,13/12/2025,19:37
18,Transferencia,18000,Tostada Fit,Noche,Viernes,Septiembre,5,9,19/09/2025,18:35
16,Efectivo,18000,Tostada Fit,Tarde,Sábado,Noviembre,6,11,08/11/2025,16:19
9,Transferencia,25000,Smoothie Detox,Mañana,Jueves,Septiembre,4,9,04/09/2025,09:21
15,Transferencia,18000,Tostada Fit,Tarde,Lunes,Junio,1,6,16/06/2025,15:16
16,Transferencia,32000,Ensalada Keto,Tarde,Domingo,Noviembre,7,11,30/11/2025,16:12
8,Transferencia,22000,Yogur Griego,Mañana,Domingo,Mayo,7,5,04/05/2025,08:51
17,Transferencia,32000,Ensalada Keto,Tarde,Sábado,Julio,6,7,26/07/2025,17:43
22,Tarjeta,25000,Smoothie Detox,Noche,Martes,Enero,2,1,14/01/2025,22:18
19,Transferencia,40000,Bowl Proteico,Noche,Domingo,Julio,7,7,27/07/2025,19:47
13,Transferencia,18000,Tostada Fit,Tarde,Lunes,Diciembre,1,12,29/12/2025,13:21
22,Tarjeta,18000,Tostada Fit,Noche,Jueves,Abril,4,4,24/04/2025,22:58
16,Transferencia,32000,Ensalada Keto,Tarde,Miércoles,Septiembre,3,9,17/09/2025,16:54
12,Tarjeta,40000,Bowl Proteico,Tarde,Lunes,Octubre,1,10,13/10/2025,12:18
15,Transferencia,22000,Yogur Griego,Tarde,Viernes,Marzo,5,3,07/03/2025,15:46
17,Efectivo,40000,Bowl Proteico,Tarde,Viernes,Abril,5,4,04/04/2025,17:41
14,Tarjeta,22000,Yogur Griego,Tarde,Martes,Julio,2,7,01/07/2025,14:47
17,Transferencia,25000,Smoothie Detox,Tarde,Lunes,Agosto,1,8,04/08/2025,17:23
21,Tarjeta,40000,Bowl Proteico,Noche,Sábado,Mayo,6,5,31/05/2025,21:54
9,Transferencia,32000,Ensalada Keto,Mañana,Martes,Enero,2,1,28/01/2025,09:30
19,Tarjeta,25000,Smoothie Detox,Noche,Lunes,Marzo,1,3,03/03/2025,19:33
11,Tarjeta,32000,Ensalada Keto,Mañana,Martes,Enero,2,1,28/01/2025,11:08
21,Transferencia,25000,Smoothie Detox,Noche,Martes,Julio,2,7,29/07/2025,21:09
9,Transferencia,25000,Smoothie Detox,Mañana,Jueves,Abril,4,4,03/04/2025,09:31
17,Efectivo,40000,Bowl Proteico,Tarde,Martes,Abril,2,4,01/04/2025,17:40
15,Efectivo,22000,Yogur Griego,Tarde,Miércoles,Agosto,3,8,20/08/2025,15:13
12,Efectivo,22000,Yogur Griego,Tarde,Jueves,Octubre,4,10,23/10/2025,12:31
20,Tarjeta,30000,Wrap Integral,Noche,Sábado,Marzo,6,3,08/03/2025,20:40
22,Efectivo,40000,Bowl Proteico,Noche,Viernes,Agosto,5,8,08/08/2025,22:24
13,Efectivo,25000,Smoothie Detox,Tarde,Miércoles,Octubre,3,10,01/10/2025,13:46
13,Efectivo,18000,Tostada Fit,Tarde,Sábado,Junio,6,6,14/06/2025,13:01
14,Tarjeta,18000,Tostada Fit,Tarde,Lunes,Noviembre,1,11,17/11/2025,14:14
11,Transferencia,30000,Wrap Integral,Mañana,Lunes,Junio,1,6,09/06/2025,11:06
16,Efectivo,40000,Bowl Proteico,Tarde,Miércoles,Octubre,3,10,29/10/2025,16:10
16,Transferencia,18000,Tostada Fit,Tarde,Lunes,Junio,1,6,02/06/2025,16:29
17,Efectivo,18000,Tostada Fit,Tarde,Domingo,Noviembre,7,11,02/11/2025,17:27
22,Efectivo,22000,Yogur Griego,Noche,Miércoles,Junio,3,6,25/06/2025,22:22
19,Efectivo,32000,Ensalada Keto,Noche,Miércoles,Marzo,3,3,26/03/2025,19:01
13,Transferencia,40000,Bowl Proteico,Tarde,Domingo,Marzo,7,3,09/03/2025,13:46
12,Transferencia,25000,Smoothie Detox,Tarde,Martes,Septiembre,2,9,16/09/2025,12:07
8,Tarjeta,18000,Tostada Fit,Mañana,Domingo,Noviembre,7,11,30/11/2025,08:24
8,Transferencia,40000,Bowl Proteico,Mañana,Miércoles,Octubre,3,10,01/10/2025,08:38
7,Efectivo,18000,Tostada Fit,Mañana,Martes,Febrero,2,2,25/02/2025,07:03
21,Transferencia,40000,Bowl Proteico,Noche,Sábado,Agosto,6,8,02/08/2025,21:24
22,Efectivo,32000,Ensalada Keto,Noche,Sábado,Mayo,6,5,10/05/2025,22:44
7,Transferencia,30000,Wrap Integral,Mañana,Lunes,Diciembre,1,12,22/12/2025,07:19
15,Transferencia,28000,Batido Proteico,Tarde,Viernes,Febrero,5,2,21/02/2025,15:39
20,Transferencia,40000,Bowl Proteico,Noche,Miércoles,Marzo,3,3,12/03/2025,20:53
10,Efectivo,40000,Bowl Proteico,Mañana,Jueves,Noviembre,4,11,13/11/2025,10:18
13,Tarjeta,32000,Ensalada Keto,Tarde,Viernes,Septiembre,5,9,12/09/2025,13:38
13,Tarjeta,18000,Tostada Fit,Tarde,Jueves,Septiembre,4,9,25/09/2025,13:22
12,Tarjeta,28000,Batido Proteico,Tarde,Domingo,Junio,7,6,01/06/2025,12:02
22,Efectivo,32000,Ensalada Keto,Noche,Jueves,Abril,4,4,17/04/2025,22:21
9,Transferencia,40000,Bowl Proteico,Mañana,Martes,Enero,2,1,07/01/2025,09:58
22,Transferencia,40000,Bowl Proteico,Noche,Martes,Diciembre,2,12,09/12/2025,22:09
10,Transferencia,25000,Smoothie Detox,Mañana,Sábado,Febrero,6,2,08/02/2025,10:57
21,Tarjeta,25000,Smoothie Detox,Noche,Martes,Abril,2,4,29/04/2025,21:18
10,Efectivo,32000,Ensalada Keto,Mañana,Domingo,Enero,7,1,26/01/2025,10:52
18,Tarjeta,18000,Tostada Fit,Noche,Jueves,Mayo,4,5,29/05/2025,18:51
10,Efectivo,22000,Yogur Griego,Mañana,Jueves,Agosto,4,8,07/08/2025,10:06
11,Efectivo,18000,Tostada Fit,Mañana,Domingo,Enero,7,1,05/01/2025,11:42
18,Transferencia,30000,Wrap Integral,Noche,Miércoles,Junio,3,6,18/06/2025,18:57
9,Tarjeta,22000,Yogur Griego,Mañana,Domingo,Mayo,7,5,18/05/2025,09:23
10,Tarjeta,30000,Wrap Integral,Mañana,Viernes,Abril,5,4,04/04/2025,10:25
19,Tarjeta,22000,Yogur Griego,Noche,Martes,Mayo,2,5,20/05/2025,19:44
12,Transferencia,32000,Ensalada Keto,Tarde,Lunes,Agosto,1,8,04/08/2025,12:07
12,Transferencia,30000,Wrap Integral,Tarde,Viernes,Enero,5,1,31/01/2025,12:06
21,Tarjeta,28000,Batido Proteico,Noche,Viernes,Septiembre,5,9,05/09/2025,21:11
7,Transferencia,18000,Tostada Fit,Mañana,Jueves,Julio,4,7,03/07/2025,07:55
